modelo_id,macro_regiao,desfecho,exposicao,percentil,valor_exposicao,rr_cumulativo,ic95_inf,ic95_sup,p_ponto,p_fdr
baia_da_ilha_grande_internacoes_i60_i69_temp_med,Baia da Ilha Grande,internacoes_i60_i69,temp_med,5%,18.35,1.5584482875162884,1.0932551506876371,2.221586665596596,0.01417224585779272,0.09547618262091938
baia_da_ilha_grande_internacoes_i60_i69_temp_med,Baia da Ilha Grande,internacoes_i60_i69,temp_med,50%,22.827219202898547,1.203174299228757,0.9293634664584558,1.5576558005245436,0.16033914843913039,0.5144080073681672
baia_da_ilha_grande_internacoes_i60_i69_temp_med,Baia da Ilha Grande,internacoes_i60_i69,temp_med,95%,27.873749999999994,1.0389212092303364,0.9085350147715946,1.1880194614843482,0.5768106539922533,0.7031596543905565
baia_da_ilha_grande_internacoes_i60_i69_temp_med,Baia da Ilha Grande,internacoes_i60_i69,temp_med,99%,29.486895833333328,1.1577124435052084,0.8082388236763384,1.658294630973489,0.4244303138434965,0.6726820068462964
baia_da_ilha_grande_internacoes_i60_i69_ur_med,Baia da Ilha Grande,internacoes_i60_i69,ur_med,5%,69.68966131907308,1.0419488778008261,0.9643967921049633,1.1257373239294637,0.29773115512183096,0.45368556970945667
baia_da_ilha_grande_internacoes_i60_i69_ur_med,Baia da Ilha Grande,internacoes_i60_i69,ur_med,50%,81.375,1.217669339046114,0.8996428412376575,1.6481191771761259,0.2022447588963237,0.5144080073681672
baia_da_ilha_grande_internacoes_i60_i69_ur_med,Baia da Ilha Grande,internacoes_i60_i69,ur_med,95%,91.1875,1.3704899693782755,1.014884840826547,1.8506954489898382,0.03974717001030293,0.19778985988049597
baia_da_ilha_grande_internacoes_i60_i69_ur_med,Baia da Ilha Grande,internacoes_i60_i69,ur_med,99%,94.01187499999999,1.8954958824547197,1.0651014317387746,3.373298104141492,0.029673567007838506,0.17804140204703103
baia_da_ilha_grande_obitos_i60_i69_temp_med,Baia da Ilha Grande,obitos_i60_i69,temp_med,5%,18.35,1.5470520426399037,0.9318523498221317,2.568400480068688,0.09158886789997198,0.20567324721397215
baia_da_ilha_grande_obitos_i60_i69_temp_med,Baia da Ilha Grande,obitos_i60_i69,temp_med,50%,22.827219202898547,1.0361048030647966,0.9188190217100235,1.1683619271791026,0.5628207715074114,0.7554079176553518
baia_da_ilha_grande_obitos_i60_i69_temp_med,Baia da Ilha Grande,obitos_i60_i69,temp_med,95%,27.873749999999994,1.3409288502369727,0.9094133770567383,1.977197858269097,0.13868828306905073,0.3636001401722586
baia_da_ilha_grande_obitos_i60_i69_temp_med,Baia da Ilha Grande,obitos_i60_i69,temp_med,99%,29.486895833333328,1.66364178448081,0.9246454763594651,2.9932596414872,0.08940741348744552,0.3053910936962203
baia_da_ilha_grande_obitos_i60_i69_ur_med,Baia da Ilha Grande,obitos_i60_i69,ur_med,5%,69.68966131907308,1.6873479401487883,1.0426887268258873,2.7305781657307464,0.0331572045307862,0.15718971036817161
baia_da_ilha_grande_obitos_i60_i69_ur_med,Baia da Ilha Grande,obitos_i60_i69,ur_med,50%,81.375,1.2262688302245417,0.6265688949168856,2.399951954492948,0.5515851012769573,0.7554079176553518
baia_da_ilha_grande_obitos_i60_i69_ur_med,Baia da Ilha Grande,obitos_i60_i69,ur_med,95%,91.1875,1.331810849255321,0.6614320671535525,2.681636144173226,0.4223072042140451,0.5764375377553073
baia_da_ilha_grande_obitos_i60_i69_ur_med,Baia da Ilha Grande,obitos_i60_i69,ur_med,99%,94.01187499999999,1.1117204830010194,0.3778641408482581,3.270811645554742,0.8474630465972643,0.9791081034852537
baia_da_ilha_grande_internacoes_i60_i64_temp_med,Baia da Ilha Grande,internacoes_i60_i64,temp_med,5%,18.35,1.6800117922284061,1.1625070520480958,2.4278903229481053,0.0057543137351774775,0.06137934650855976
baia_da_ilha_grande_internacoes_i60_i64_temp_med,Baia da Ilha Grande,internacoes_i60_i64,temp_med,50%,22.827219202898547,1.227563935979257,0.9323210623835265,1.6163028786074882,0.14409585395370625,0.5070233522301371
baia_da_ilha_grande_internacoes_i60_i64_temp_med,Baia da Ilha Grande,internacoes_i60_i64,temp_med,95%,27.873749999999994,1.0238674853381733,0.9090744080870317,1.1531560213411634,0.6974517130022795,0.8115801751299252
baia_da_ilha_grande_internacoes_i60_i64_temp_med,Baia da Ilha Grande,internacoes_i60_i64,temp_med,99%,29.486895833333328,1.1177958910415984,0.783927935889654,1.5938552471809813,0.5384447516116665,0.8223519842796362
baia_da_ilha_grande_internacoes_i60_i64_ur_med,Baia da Ilha Grande,internacoes_i60_i64,ur_med,5%,69.68966131907308,1.0418914948424418,0.9622390016021025,1.1281374847804195,0.3118505598537025,0.46414967047992933
baia_da_ilha_grande_internacoes_i60_i64_ur_med,Baia da Ilha Grande,internacoes_i60_i64,ur_med,50%,81.375,1.2147595438446104,0.8894456169802845,1.6590567441002695,0.22121993020418598,0.5144080073681672
baia_da_ilha_grande_internacoes_i60_i64_ur_med,Baia da Ilha Grande,internacoes_i60_i64,ur_med,95%,91.1875,1.4428152320424388,1.0605890996569143,1.9627919940786518,0.019565762757178154,0.13913431293993353
baia_da_ilha_grande_internacoes_i60_i64_ur_med,Baia da Ilha Grande,internacoes_i60_i64,ur_med,99%,94.01187499999999,2.0021404598842842,1.1093393108648177,3.6134718943482302,0.021200018131191645,0.1484001269183415
baia_da_ilha_grande_obitos_i60_i64_temp_med,Baia da Ilha Grande,obitos_i60_i64,temp_med,5%,18.35,1.6319592935212344,0.8606396350223074,3.0945485512543183,0.1335485662684923,0.28023305708798385
baia_da_ilha_grande_obitos_i60_i64_temp_med,Baia da Ilha Grande,obitos_i60_i64,temp_med,50%,22.827219202898547,1.072380676896548,0.8618256284147149,1.3343770227586138,0.5309212215318426,0.7554079176553518
baia_da_ilha_grande_obitos_i60_i64_temp_med,Baia da Ilha Grande,obitos_i60_i64,temp_med,95%,27.873749999999994,1.2254260726267605,0.7756947437250827,1.9359020692367352,0.3835831135799992,0.5704733744021303
baia_da_ilha_grande_obitos_i60_i64_temp_med,Baia da Ilha Grande,obitos_i60_i64,temp_med,99%,29.486895833333328,1.4164900565959804,0.6650288288473595,3.0170783481866343,0.3667648222732274,0.6040832366853156
baia_da_ilha_grande_obitos_i60_i64_ur_med,Baia da Ilha Grande,obitos_i60_i64,ur_med,5%,69.68966131907308,1.916597933654661,0.9980635463566163,3.6804747079469013,0.05068447554916003,0.18011717482745757
baia_da_ilha_grande_obitos_i60_i64_ur_med,Baia da Ilha Grande,obitos_i60_i64,ur_med,50%,81.375,1.2497973442693444,0.5178048626686218,3.016567657732351,0.6199016368364725,0.7889657196100559
baia_da_ilha_grande_obitos_i60_i64_ur_med,Baia da Ilha Grande,obitos_i60_i64,ur_med,95%,91.1875,1.5338851717316468,0.6062459799410459,3.8809390872777763,0.36638336148077694,0.55173023846517
baia_da_ilha_grande_obitos_i60_i64_ur_med,Baia da Ilha Grande,obitos_i60_i64,ur_med,99%,94.01187499999999,1.3835450037045307,0.3392388521278301,5.642622492291869,0.6507954667381659,0.9282841234784278
baia_da_ilha_grande_internacoes_i60_i62_temp_med,Baia da Ilha Grande,internacoes_i60_i62,temp_med,5%,18.35,2.7660364727801308,1.059841004279496,7.218967503480622,0.03764417499138912,0.1720876571034931
baia_da_ilha_grande_internacoes_i60_i62_temp_med,Baia da Ilha Grande,internacoes_i60_i62,temp_med,50%,22.827219202898547,1.5849103482597162,0.7734619583842428,3.2476591573658817,0.2083310475259588,0.5144080073681672
baia_da_ilha_grande_internacoes_i60_i62_temp_med,Baia da Ilha Grande,internacoes_i60_i62,temp_med,95%,27.873749999999994,1.165117143789388,0.7583524473209845,1.790062079376872,0.4854922625026761,0.6341123428606381
baia_da_ilha_grande_internacoes_i60_i62_temp_med,Baia da Ilha Grande,internacoes_i60_i62,temp_med,99%,29.486895833333328,1.697722784179693,0.5587412774893558,5.158492432980766,0.35059265573813186,0.6035908852042602
baia_da_ilha_grande_internacoes_i60_i62_ur_med,Baia da Ilha Grande,internacoes_i60_i62,ur_med,5%,69.68966131907308,1.0692432542109882,0.6443121878113545,1.7744210932270001,0.795585907481178,0.8557562702318553
baia_da_ilha_grande_internacoes_i60_i62_ur_med,Baia da Ilha Grande,internacoes_i60_i62,ur_med,50%,81.375,1.0696851991732468,0.6354052203482461,1.8007822231979667,0.7998898540878547,0.9079830776132405
baia_da_ilha_grande_internacoes_i60_i62_ur_med,Baia da Ilha Grande,internacoes_i60_i62,ur_med,95%,91.1875,1.6159823746895354,0.7786830692238699,3.3536096244009355,0.19759831645955825,0.4244765831193446
baia_da_ilha_grande_internacoes_i60_i62_ur_med,Baia da Ilha Grande,internacoes_i60_i62,ur_med,99%,94.01187499999999,1.685616916960351,0.4152699287403903,6.84206631421941,0.46510239318196456,0.7234926116163893
baia_da_ilha_grande_obitos_i60_i62_temp_med,Baia da Ilha Grande,obitos_i60_i62,temp_med,5%,18.35,1.4907623057182393,0.654348574919419,3.39631251191162,0.3418921349751473,0.486246591964654
baia_da_ilha_grande_obitos_i60_i62_temp_med,Baia da Ilha Grande,obitos_i60_i62,temp_med,50%,22.827219202898547,1.72706047697936,0.44509550846098184,6.701343496944428,0.4296077896227004,0.7217410865661367
baia_da_ilha_grande_obitos_i60_i62_temp_med,Baia da Ilha Grande,obitos_i60_i62,temp_med,95%,27.873749999999994,1.9770488753010134,0.3909456978246647,9.998120652249833,0.4098031057096564,0.5764375377553073
baia_da_ilha_grande_obitos_i60_i62_temp_med,Baia da Ilha Grande,obitos_i60_i62,temp_med,99%,29.486895833333328,1.5530358337802492,0.22125391430931327,10.901141833059937,0.6579348762004846,0.9282841234784278
baia_da_ilha_grande_obitos_i60_i62_ur_med,Baia da Ilha Grande,obitos_i60_i62,ur_med,5%,69.68966131907308,1.9189339433474464,0.6228452464059638,5.912074468223351,0.25625890147129426,0.4259888232250087
baia_da_ilha_grande_obitos_i60_i62_ur_med,Baia da Ilha Grande,obitos_i60_i62,ur_med,50%,81.375,1.5869975521523316,0.33280807200652324,7.567608608027173,0.5622522089998748,0.7554079176553518
baia_da_ilha_grande_obitos_i60_i62_ur_med,Baia da Ilha Grande,obitos_i60_i62,ur_med,95%,91.1875,2.7671800559979323,0.5534086924020929,13.836583283641534,0.21517228764065358,0.4442266583548977
baia_da_ilha_grande_obitos_i60_i62_ur_med,Baia da Ilha Grande,obitos_i60_i62,ur_med,99%,94.01187499999999,4.039977222354718,0.38518581469906726,42.372837561259416,0.24427476335167947,0.48044098480664005
baia_da_ilha_grande_internacoes_i63_temp_med,Baia da Ilha Grande,internacoes_i63,temp_med,5%,18.35,1.789890567107188,0.4208112821588244,7.613170981975084,0.43061820991750477,0.5535329608774009
baia_da_ilha_grande_internacoes_i63_temp_med,Baia da Ilha Grande,internacoes_i63,temp_med,50%,22.827219202898547,4.2057860068864175,1.3092387034076012,13.510627122222068,0.015843998206691398,0.1814857976402833
baia_da_ilha_grande_internacoes_i63_temp_med,Baia da Ilha Grande,internacoes_i63,temp_med,95%,27.873749999999994,1.0007127960513176,0.9421636898804611,1.0629003334950256,0.9815190933675968,1
baia_da_ilha_grande_internacoes_i63_temp_med,Baia da Ilha Grande,internacoes_i63,temp_med,99%,29.486895833333328,1.1369464028641663,0.5792493906148534,2.2315899575028753,0.7091326294222096,0.9321110312282844
baia_da_ilha_grande_internacoes_i63_ur_med,Baia da Ilha Grande,internacoes_i63,ur_med,5%,69.68966131907308,1.2926342950586402,0.41609829227151446,4.0156459466347485,0.657165806800754,0.7494018989433129
baia_da_ilha_grande_internacoes_i63_ur_med,Baia da Ilha Grande,internacoes_i63,ur_med,50%,81.375,1.040963861636202,0.8249997449936324,1.3134619347560135,0.7350543333093831,0.8496958348346997
baia_da_ilha_grande_internacoes_i63_ur_med,Baia da Ilha Grande,internacoes_i63,ur_med,95%,91.1875,2.3400555796006888,0.7017877408023856,7.802729795991472,0.16646984970237655,0.3874207411255309
baia_da_ilha_grande_internacoes_i63_ur_med,Baia da Ilha Grande,internacoes_i63,ur_med,99%,94.01187499999999,2.7186301658961476,0.32226297050857,22.934530663751715,0.3579892891797606,0.6035908852042602
baia_da_ilha_grande_obitos_i63_temp_med,Baia da Ilha Grande,obitos_i63,temp_med,5%,18.35,9235765238139897e209,11768827876874387e207,7247906114902535e211,0,0
baia_da_ilha_grande_obitos_i63_temp_med,Baia da Ilha Grande,obitos_i63,temp_med,50%,22.827219202898547,157379.45025996485,91062.16205388936,271993.2275435237,0,0
baia_da_ilha_grande_obitos_i63_temp_med,Baia da Ilha Grande,obitos_i63,temp_med,95%,27.873749999999994,5870221767647406e101,4227955736597037e100,8150393653150429e102,0,0
baia_da_ilha_grande_obitos_i63_temp_med,Baia da Ilha Grande,obitos_i63,temp_med,99%,29.486895833333328,23451938062114026e158,4268714309975026e157,1288428690540432e161,0,0
baia_da_ilha_grande_obitos_i63_ur_med,Baia da Ilha Grande,obitos_i63,ur_med,5%,69.68966131907308,1195373676576671e238,0,Inf,1,1
baia_da_ilha_grande_obitos_i63_ur_med,Baia da Ilha Grande,obitos_i63,ur_med,50%,81.375,4646399.886425976,0,Inf,1,1
baia_da_ilha_grande_obitos_i63_ur_med,Baia da Ilha Grande,obitos_i63,ur_med,95%,91.1875,26273139187409814e195,0,Inf,1,1
baia_da_ilha_grande_obitos_i63_ur_med,Baia da Ilha Grande,obitos_i63,ur_med,99%,94.01187499999999,13673531794998297e115,0,Inf,1,1
baixada_litoranea_internacoes_i60_i69_temp_med,Baixada Litoranea,internacoes_i60_i69,temp_med,5%,19.770833333333332,1.2436127044527916,0.9827008968678791,1.5737978499925172,0.06956796460841119,0.18011717482745757
baixada_litoranea_internacoes_i60_i69_temp_med,Baixada Litoranea,internacoes_i60_i69,temp_med,50%,23.345833333333335,1.1206468144075843,0.9367611731491171,1.3406290937743168,0.21291299829249305,0.5144080073681672
baixada_litoranea_internacoes_i60_i69_temp_med,Baixada Litoranea,internacoes_i60_i69,temp_med,95%,26.987499999999997,1.1037257122138557,0.9674633860262671,1.2591798980689364,0.14211538360983517,0.3636001401722586
baixada_litoranea_internacoes_i60_i69_temp_med,Baixada Litoranea,internacoes_i60_i69,temp_med,99%,27.918729166666658,1.2739780050935146,0.9699513700828624,1.6733003401226163,0.08174524202199941,0.3053910936962203
baixada_litoranea_internacoes_i60_i69_ur_med,Baixada Litoranea,internacoes_i60_i69,ur_med,5%,67.4223484848485,1.231771277781304,1.0196677570526729,1.4879949574482911,0.03062066946671792,0.15074791122076517
baixada_litoranea_internacoes_i60_i69_ur_med,Baixada Litoranea,internacoes_i60_i69,ur_med,50%,80.08333333333333,1.041916494083669,0.8947234709644051,1.2133245811395423,0.5972077410419343,0.7757543852709662
baixada_litoranea_internacoes_i60_i69_ur_med,Baixada Litoranea,internacoes_i60_i69,ur_med,95%,89.23312499999999,1.1147570360166799,0.9269271328824809,1.340648261621494,0.24851973135940866,0.4690576418072301
baixada_litoranea_internacoes_i60_i69_ur_med,Baixada Litoranea,internacoes_i60_i69,ur_med,99%,92.53812862318836,1.3121775167868572,0.8252534207319161,2.0864013311618295,0.2508702045029118,0.48044098480664005
baixada_litoranea_obitos_i60_i69_temp_med,Baixada Litoranea,obitos_i60_i69,temp_med,5%,19.770833333333332,1.3266572598219069,1.0110299345282614,1.7408183723653858,0.04144033212063665,0.17221402924896306
baixada_litoranea_obitos_i60_i69_temp_med,Baixada Litoranea,obitos_i60_i69,temp_med,50%,23.345833333333335,1.0024852225694332,0.9797443112942338,1.0257539746696975,0.832093534665324,0.9116850901550505
baixada_litoranea_obitos_i60_i69_temp_med,Baixada Litoranea,obitos_i60_i69,temp_med,95%,26.987499999999997,1.0754019802646992,0.8110127675172573,1.425981766843921,0.6135966224712582,0.7340221278160846
baixada_litoranea_obitos_i60_i69_temp_med,Baixada Litoranea,obitos_i60_i69,temp_med,99%,27.918729166666658,1.0516850639793052,0.6749307223240412,1.6387481517934712,0.8237800233013534,0.9791081034852537
baixada_litoranea_obitos_i60_i69_ur_med,Baixada Litoranea,obitos_i60_i69,ur_med,5%,67.4223484848485,1.3357043941364912,1.0423794491645388,1.7115708007726766,0.022134493225340144,0.12384202577672715
baixada_litoranea_obitos_i60_i69_ur_med,Baixada Litoranea,obitos_i60_i69,ur_med,50%,80.08333333333333,1.0661664335322276,0.8964265033370874,1.2680469171306812,0.4689733069089241,0.7384895074062005
baixada_litoranea_obitos_i60_i69_ur_med,Baixada Litoranea,obitos_i60_i69,ur_med,95%,89.23312499999999,1.214148107958725,0.9762601059780955,1.510002937775302,0.08115549701224874,0.27921467407027034
baixada_litoranea_obitos_i60_i69_ur_med,Baixada Litoranea,obitos_i60_i69,ur_med,99%,92.53812862318836,1.6113177718397702,0.9480541379178002,2.73860411342015,0.0779268107761913,0.3053910936962203
baixada_litoranea_internacoes_i60_i64_temp_med,Baixada Litoranea,internacoes_i60_i64,temp_med,5%,19.770833333333332,1.2724750004059233,0.9994603883012995,1.620066833674182,0.0505142392669231,0.18011717482745757
baixada_litoranea_internacoes_i60_i64_temp_med,Baixada Litoranea,internacoes_i60_i64,temp_med,50%,23.345833333333335,1.1091352322972676,0.9227428115830865,1.3331785932990114,0.2698420046298267,0.5762727556501385
baixada_litoranea_internacoes_i60_i64_temp_med,Baixada Litoranea,internacoes_i60_i64,temp_med,95%,26.987499999999997,1.0853759137952046,0.9481458900774232,1.2424679435678192,0.2348715613485314,0.4690576418072301
baixada_litoranea_internacoes_i60_i64_temp_med,Baixada Litoranea,internacoes_i60_i64,temp_med,99%,27.918729166666658,1.225476337489785,0.9264833947443468,1.6209597087941128,0.1541962473260974,0.3839450958977168
baixada_litoranea_internacoes_i60_i64_ur_med,Baixada Litoranea,internacoes_i60_i64,ur_med,5%,67.4223484848485,1.2527726108850223,1.0316697633810332,1.5212612313462022,0.02292598732117843,0.12384202577672715
baixada_litoranea_internacoes_i60_i64_ur_med,Baixada Litoranea,internacoes_i60_i64,ur_med,50%,80.08333333333333,1.047725613428859,0.9077409613446042,1.2092975945569895,0.5240354796120883,0.7554079176553518
baixada_litoranea_internacoes_i60_i64_ur_med,Baixada Litoranea,internacoes_i60_i64,ur_med,95%,89.23312499999999,1.1500112797614683,0.9493407322658627,1.3930993358117463,0.1531187392014056,0.37690766572653683
baixada_litoranea_internacoes_i60_i64_ur_med,Baixada Litoranea,internacoes_i60_i64,ur_med,99%,92.53812862318836,1.4089543320807785,0.8768946787969343,2.2638434898621407,0.15647983538166654,0.3839450958977168
baixada_litoranea_obitos_i60_i64_temp_med,Baixada Litoranea,obitos_i60_i64,temp_med,5%,19.770833333333332,1.4532867360255934,0.7756725498574278,2.7228530099410198,0.24322005475827624,0.41509556012079146
baixada_litoranea_obitos_i60_i64_temp_med,Baixada Litoranea,obitos_i60_i64,temp_med,50%,23.345833333333335,1.078161621013627,0.6200351831095162,1.8747847101144457,0.7897647205810537,0.904639589029207
baixada_litoranea_obitos_i60_i64_temp_med,Baixada Litoranea,obitos_i60_i64,temp_med,95%,26.987499999999997,1.1069691594702071,0.8119335964558827,1.5092129767348028,0.5204816218125148,0.6531534077647244
baixada_litoranea_obitos_i60_i64_temp_med,Baixada Litoranea,obitos_i60_i64,temp_med,99%,27.918729166666658,1,1,1,,
baixada_litoranea_obitos_i60_i64_ur_med,Baixada Litoranea,obitos_i60_i64,ur_med,5%,67.4223484848485,1.499729233363878,1.0985790383550016,2.047360904295162,0.010711664386402836,0.09140620276397086
baixada_litoranea_obitos_i60_i64_ur_med,Baixada Litoranea,obitos_i60_i64,ur_med,50%,80.08333333333333,1.0935990820480816,0.8782647579017201,1.361729411884517,0.42386653420345777,0.7217186933734551
baixada_litoranea_obitos_i60_i64_ur_med,Baixada Litoranea,obitos_i60_i64,ur_med,95%,89.23312499999999,1.407737543467644,1.0683832068119572,1.8548821983095005,0.0151001464278608,0.12869083966959113
baixada_litoranea_obitos_i60_i64_ur_med,Baixada Litoranea,obitos_i60_i64,ur_med,99%,92.53812862318836,2.267996480623239,1.1610289973106083,4.430387223776878,0.016529876616490143,0.1262281487077429
baixada_litoranea_internacoes_i60_i62_temp_med,Baixada Litoranea,internacoes_i60_i62,temp_med,5%,19.770833333333332,1.5149054497196777,0.6091510835499971,3.767437313278649,0.37155365543131036,0.5115994675907689
baixada_litoranea_internacoes_i60_i62_temp_med,Baixada Litoranea,internacoes_i60_i62,temp_med,50%,23.345833333333335,1.0326617843732369,0.46819070176114347,2.277683766237966,0.936527676576143,0.9869973557050806
baixada_litoranea_internacoes_i60_i62_temp_med,Baixada Litoranea,internacoes_i60_i62,temp_med,95%,26.987499999999997,1.1355293788178051,0.7561751656856018,1.7051961353283331,0.5400794669915658,0.6711667162613633
baixada_litoranea_internacoes_i60_i62_temp_med,Baixada Litoranea,internacoes_i60_i62,temp_med,99%,27.918729166666658,1,1,1,,
baixada_litoranea_internacoes_i60_i62_ur_med,Baixada Litoranea,internacoes_i60_i62,ur_med,5%,67.4223484848485,1.2228418654229016,0.7607011064621357,1.9657421490886096,0.40617426000157447,0.5415656800020993
baixada_litoranea_internacoes_i60_i62_ur_med,Baixada Litoranea,internacoes_i60_i62,ur_med,50%,80.08333333333333,1.165853310088395,0.7758259384311341,1.7519573312960552,0.46023103906070895,0.7384895074062005
baixada_litoranea_internacoes_i60_i62_ur_med,Baixada Litoranea,internacoes_i60_i62,ur_med,95%,89.23312499999999,1.2299985423127924,0.8025376825177913,1.8851406570034237,0.34199562946364637,0.5408534812159512
baixada_litoranea_internacoes_i60_i62_ur_med,Baixada Litoranea,internacoes_i60_i62,ur_med,99%,92.53812862318836,1.7947740541554094,0.6016734311358137,5.353757933749163,0.2942331220520101,0.5258634521780605
baixada_litoranea_obitos_i60_i62_temp_med,Baixada Litoranea,obitos_i60_i62,temp_med,5%,19.770833333333332,2.7810141279095766,0.952566134968228,8.119162854651162,0.06133588035887926,0.18011717482745757
baixada_litoranea_obitos_i60_i62_temp_med,Baixada Litoranea,obitos_i60_i62,temp_med,50%,23.345833333333335,1.5991925980807045,0.6227420468140552,4.106703536142844,0.3292147424294164,0.6381701160939456
baixada_litoranea_obitos_i60_i62_temp_med,Baixada Litoranea,obitos_i60_i62,temp_med,95%,26.987499999999997,1.077691578689996,0.6063111003313777,1.9155498524512669,0.7987562101868835,0.881386162964837
baixada_litoranea_obitos_i60_i62_temp_med,Baixada Litoranea,obitos_i60_i62,temp_med,99%,27.918729166666658,1,1,1,,
baixada_litoranea_obitos_i60_i62_ur_med,Baixada Litoranea,obitos_i60_i62,ur_med,5%,67.4223484848485,1.5389352834518113,0.9579988142437893,2.4721552589001656,0.07466145327642973,0.18011717482745757
baixada_litoranea_obitos_i60_i62_ur_med,Baixada Litoranea,obitos_i60_i62,ur_med,50%,80.08333333333333,1.211207583274903,0.8391644175198163,1.7481959186478357,0.3061050952163754,0.6026444062072391
baixada_litoranea_obitos_i60_i62_ur_med,Baixada Litoranea,obitos_i60_i62,ur_med,95%,89.23312499999999,1.5767601775971067,1.0448462140007173,2.3794627614493633,0.030089287917816954,0.1925714426740285
baixada_litoranea_obitos_i60_i62_ur_med,Baixada Litoranea,obitos_i60_i62,ur_med,99%,92.53812862318836,3.2294167380128465,1.1642423075499304,8.957871054956712,0.02431555319568337,0.15711588218749253
baixada_litoranea_obitos_i63_ur_med,Baixada Litoranea,obitos_i63,ur_med,5%,67.4223484848485,636725672681.917,0,Inf,1,1
baixada_litoranea_obitos_i63_ur_med,Baixada Litoranea,obitos_i63,ur_med,50%,80.08333333333333,355144019.1776749,0,Inf,1,1
baixada_litoranea_obitos_i63_ur_med,Baixada Litoranea,obitos_i63,ur_med,95%,89.23312499999999,344047661.1147441,0,Inf,1,1
baixada_litoranea_obitos_i63_ur_med,Baixada Litoranea,obitos_i63,ur_med,99%,92.53812862318836,1,1,1,,
centro_sul_internacoes_i60_i69_temp_med,Centro-Sul,internacoes_i60_i69,temp_med,5%,10.321041666666668,1.2618118341580324,0.8831138608940345,1.8029035386324928,0.20151341926290176,0.3632917981077666
centro_sul_internacoes_i60_i69_temp_med,Centro-Sul,internacoes_i60_i69,temp_med,50%,19.670833333333334,1.1656618913420336,0.9424947898836502,1.4416712532647793,0.15743607869783252,0.5144080073681672
centro_sul_internacoes_i60_i69_temp_med,Centro-Sul,internacoes_i60_i69,temp_med,95%,26.454166666666666,1.1017665032392159,0.9520879561432927,1.2749761404158277,0.19328880865242434,0.4244765831193446
centro_sul_internacoes_i60_i69_temp_med,Centro-Sul,internacoes_i60_i69,temp_med,99%,27.8625,1.2539629450713756,0.9289154218140643,1.6927516011536523,0.13932877391362436,0.3839450958977168
centro_sul_internacoes_i60_i69_ur_med,Centro-Sul,internacoes_i60_i69,ur_med,5%,63.25625,1.2447121911142072,0.837522824576066,1.8498701089042597,0.27886669147203474,0.43629415095063784
centro_sul_internacoes_i60_i69_ur_med,Centro-Sul,internacoes_i60_i69,ur_med,50%,80.95833333333333,1.1111075901496676,0.7867606961807291,1.5691684687367855,0.5496971218448029,0.7554079176553518
centro_sul_internacoes_i60_i69_ur_med,Centro-Sul,internacoes_i60_i69,ur_med,95%,96.99374999999998,1.1041512549385712,0.9680191288031835,1.2594275851653112,0.13999570247436308,0.3636001401722586
centro_sul_internacoes_i60_i69_ur_med,Centro-Sul,internacoes_i60_i69,ur_med,99%,99.57554347826085,1,1,1,,
centro_sul_obitos_i60_i69_temp_med,Centro-Sul,obitos_i60_i69,temp_med,5%,10.321041666666668,1.709588902007606,1.0197128459374125,2.8661933852375534,0.04195085129800277,0.17221402924896306
centro_sul_obitos_i60_i69_temp_med,Centro-Sul,obitos_i60_i69,temp_med,50%,19.670833333333334,1.501322806009549,1.0731845755143041,2.100263290463536,0.017676972078973497,0.18560820682922172
centro_sul_obitos_i60_i69_temp_med,Centro-Sul,obitos_i60_i69,temp_med,95%,26.454166666666666,1.0997928928217322,0.9037652953120374,1.3383390725172535,0.3422588435819692,0.5408534812159512
centro_sul_obitos_i60_i69_temp_med,Centro-Sul,obitos_i60_i69,temp_med,99%,27.8625,1.327555775112157,0.8591703380048248,2.051286291058785,0.2018642065483212,0.42391483375147454
centro_sul_obitos_i60_i69_ur_med,Centro-Sul,obitos_i60_i69,ur_med,5%,63.25625,1.2435721546709242,0.7179050107295984,2.154145298834485,0.43677210194232413,0.5535329608774009
centro_sul_obitos_i60_i69_ur_med,Centro-Sul,obitos_i60_i69,ur_med,50%,80.95833333333333,1.1849482301070295,0.7394427720991887,1.8988654173300052,0.480604282597686,0.7384895074062005
centro_sul_obitos_i60_i69_ur_med,Centro-Sul,obitos_i60_i69,ur_med,95%,96.99374999999998,1.0651884859215928,0.8882919645882845,1.277312590647856,0.49551925426834736,0.640671359054025
centro_sul_obitos_i60_i69_ur_med,Centro-Sul,obitos_i60_i69,ur_med,99%,99.57554347826085,1,1,1,,
centro_sul_internacoes_i60_i64_temp_med,Centro-Sul,internacoes_i60_i64,temp_med,5%,10.321041666666668,1.111994287148735,0.8074794591512047,1.5313470586003806,0.515561376892488,0.6110357059466525
centro_sul_internacoes_i60_i64_temp_med,Centro-Sul,internacoes_i60_i64,temp_med,50%,19.670833333333334,1.1375079947202436,0.9428264597985005,1.3723887621153583,0.17854326402214324,0.5144080073681672
centro_sul_internacoes_i60_i64_temp_med,Centro-Sul,internacoes_i60_i64,temp_med,95%,26.454166666666666,1.0825388547702344,0.9508096324824497,1.2325184054221092,0.2309114795905071,0.4690576418072301
centro_sul_internacoes_i60_i64_temp_med,Centro-Sul,internacoes_i60_i64,temp_med,99%,27.8625,1.2080808239122938,0.9254045877582696,1.5771040001433843,0.16454789824187863,0.3839450958977168
centro_sul_internacoes_i60_i64_ur_med,Centro-Sul,internacoes_i60_i64,ur_med,5%,63.25625,1.2327219982246354,0.8638183280071888,1.7591702741624295,0.2488573840308777,0.41912822573621505
centro_sul_internacoes_i60_i64_ur_med,Centro-Sul,internacoes_i60_i64,ur_med,50%,80.95833333333333,1.1495230092965951,0.8422247186899086,1.5689436792567186,0.37992882526112576,0.6819148419524593
centro_sul_internacoes_i60_i64_ur_med,Centro-Sul,internacoes_i60_i64,ur_med,95%,96.99374999999998,1.1055898526425723,0.9829433581435858,1.2435395306752455,0.0942884108595666,0.2899064644914234
centro_sul_internacoes_i60_i64_ur_med,Centro-Sul,internacoes_i60_i64,ur_med,99%,99.57554347826085,1,1,1,,
centro_sul_obitos_i60_i64_temp_med,Centro-Sul,obitos_i60_i64,temp_med,5%,10.321041666666668,1.5143596248029014,0.8157017031378077,2.811426118655226,0.1886287806545784,0.344921198911229
centro_sul_obitos_i60_i64_temp_med,Centro-Sul,obitos_i60_i64,temp_med,50%,19.670833333333334,1.3244044474543097,0.8856003698459352,1.9806305419022137,0.17121697449920031,0.5144080073681672
centro_sul_obitos_i60_i64_temp_med,Centro-Sul,obitos_i60_i64,temp_med,95%,26.454166666666666,1.1636115417826884,0.8969394308882455,1.5095688443856432,0.25388054445158875,0.4690576418072301
centro_sul_obitos_i60_i64_temp_med,Centro-Sul,obitos_i60_i64,temp_med,99%,27.8625,1.4587509713807,0.8385895547333209,2.5375398304130385,0.1813041511549495,0.4037676783018835
centro_sul_obitos_i60_i64_ur_med,Centro-Sul,obitos_i60_i64,ur_med,5%,63.25625,1.129733767157913,0.5793474510281748,2.202993009448386,0.7203484277807423,0.7948672306546122
centro_sul_obitos_i60_i64_ur_med,Centro-Sul,obitos_i60_i64,ur_med,50%,80.95833333333333,1.2307512396396056,0.6967764780206964,2.1739376423516887,0.47443251631770605,0.7384895074062005
centro_sul_obitos_i60_i64_ur_med,Centro-Sul,obitos_i60_i64,ur_med,95%,96.99374999999998,1.1177522631465466,0.8967536657126877,1.393214401611952,0.32197042332768194,0.5237976237903261
centro_sul_obitos_i60_i64_ur_med,Centro-Sul,obitos_i60_i64,ur_med,99%,99.57554347826085,1,1,1,,
centro_sul_internacoes_i60_i62_temp_med,Centro-Sul,internacoes_i60_i62,temp_med,5%,10.321041666666668,1.2824726831501654,0.5285738786313445,3.111648625704243,0.5822265528706679,0.677499988794959
centro_sul_internacoes_i60_i62_temp_med,Centro-Sul,internacoes_i60_i62,temp_med,50%,19.670833333333334,1.6632468532497038,0.9187754499712291,3.0109534325625154,0.09291830850804536,0.45029641815437366
centro_sul_internacoes_i60_i62_temp_med,Centro-Sul,internacoes_i60_i62,temp_med,95%,26.454166666666666,1.2075544259127837,0.8095118699227971,1.8013172452685837,0.35533446668030033,0.547985683555162
centro_sul_internacoes_i60_i62_temp_med,Centro-Sul,internacoes_i60_i62,temp_med,99%,27.8625,1.677467701868139,0.6958463001173005,4.043849755810197,0.2492266472764554,0.48044098480664005
centro_sul_internacoes_i60_i62_ur_med,Centro-Sul,internacoes_i60_i62,ur_med,5%,63.25625,1.4013379804507198,0.751666763991796,2.612524897369461,0.2883545846686843,0.4446914076818264
centro_sul_internacoes_i60_i62_ur_med,Centro-Sul,internacoes_i60_i62,ur_med,50%,80.95833333333333,1.593383865607201,0.6690981323675212,3.7944690328066843,0.2926596320795805,0.6026444062072391
centro_sul_internacoes_i60_i62_ur_med,Centro-Sul,internacoes_i60_i62,ur_med,95%,96.99374999999998,1.1436179709427945,0.4257172682843403,3.072137685967162,0.7901097827145684,0.8794265407605631
centro_sul_internacoes_i60_i62_ur_med,Centro-Sul,internacoes_i60_i62,ur_med,99%,99.57554347826085,1.175869278323169,0.3508907679847373,3.940452943932662,0.7928778944147269,0.9652426540701023
centro_sul_obitos_i60_i62_temp_med,Centro-Sul,obitos_i60_i62,temp_med,5%,10.321041666666668,1.4581193531778902,0.7113524799703635,2.988830583960974,0.30305661003148354,0.456367600988587
centro_sul_obitos_i60_i62_temp_med,Centro-Sul,obitos_i60_i62,temp_med,50%,19.670833333333334,1.0947050837793333,0.7020584596480101,1.7069507588486956,0.6897238267015785,0.8356269438884508
centro_sul_obitos_i60_i62_temp_med,Centro-Sul,obitos_i60_i62,temp_med,95%,26.454166666666666,1.2046053249027124,0.5252705491031364,2.7625268373823344,0.6602391414242781,0.7753266981863083
centro_sul_obitos_i60_i62_temp_med,Centro-Sul,obitos_i60_i62,temp_med,99%,27.8625,1.0200156582998514,0.36713120950332767,2.8339512311808743,0.9696782614003027,1
centro_sul_obitos_i60_i62_ur_med,Centro-Sul,obitos_i60_i62,ur_med,5%,63.25625,1.3241281910962017,0.6591321242559173,2.660036435691837,0.43021819494607066,0.5535329608774009
centro_sul_obitos_i60_i62_ur_med,Centro-Sul,obitos_i60_i62,ur_med,50%,80.95833333333333,2.1174603408521877,0.7458172988633378,6.011711315780884,0.1588014942855928,0.5144080073681672
centro_sul_obitos_i60_i62_ur_med,Centro-Sul,obitos_i60_i62,ur_med,95%,96.99374999999998,1.9489367819128454,0.6154819246258856,6.17135033202086,0.25651589786332896,0.4690576418072301
centro_sul_obitos_i60_i62_ur_med,Centro-Sul,obitos_i60_i62,ur_med,99%,99.57554347826085,1.8310681657878107,0.44675473120875947,7.504812805652946,0.40065429401396147,0.6472107826379377
centro_sul_internacoes_i63_temp_med,Centro-Sul,internacoes_i63,temp_med,5%,10.321041666666668,1.0369726584898544,0.2704194259484002,3.976460976071672,0.957778736709978,0.9967128316981886
centro_sul_internacoes_i63_temp_med,Centro-Sul,internacoes_i63,temp_med,50%,19.670833333333334,1.5842043693104126,0.5974696668476324,4.200553807164625,0.3551015565177774,0.667802927182686
centro_sul_internacoes_i63_temp_med,Centro-Sul,internacoes_i63,temp_med,95%,26.454166666666666,9.708780195514551,1.6678983514277848,56.51448291445645,0.011433068899490617,0.12869083966959113
centro_sul_internacoes_i63_temp_med,Centro-Sul,internacoes_i63,temp_med,99%,27.8625,7.022105914481351,0.7331653337009097,67.25627796023107,0.09089020645720843,0.3053910936962203
centro_sul_internacoes_i63_ur_med,Centro-Sul,internacoes_i63,ur_med,5%,63.25625,9.495889301832795,0.7555899827553272,119.33974204348573,0.08134269508106833,0.185926160185299
centro_sul_internacoes_i63_ur_med,Centro-Sul,internacoes_i63,ur_med,50%,80.95833333333333,3.4165304636644667,0.335019182709955,34.84182701040446,0.299746363298552,0.6026444062072391
centro_sul_internacoes_i63_ur_med,Centro-Sul,internacoes_i63,ur_med,95%,96.99374999999998,1.24153515102344,0.5129887831092816,3.0047626419512388,0.6313983046804492,0.7483239166583101
centro_sul_internacoes_i63_ur_med,Centro-Sul,internacoes_i63,ur_med,99%,99.57554347826085,1,1,1,,
centro_sul_obitos_i63_ur_med,Centro-Sul,obitos_i63,ur_med,5%,63.25625,23796805832184.445,0,Inf,1,1
centro_sul_obitos_i63_ur_med,Centro-Sul,obitos_i63,ur_med,50%,80.95833333333333,22475894773.847588,0,Inf,1,1
centro_sul_obitos_i63_ur_med,Centro-Sul,obitos_i63,ur_med,95%,96.99374999999998,108476363903.50069,0,Inf,1,1
centro_sul_obitos_i63_ur_med,Centro-Sul,obitos_i63,ur_med,99%,99.57554347826085,57755241056.794365,0,Inf,1,1
medio_paraiba_internacoes_i60_i69_temp_med,Medio Paraiba,internacoes_i60_i69,temp_med,5%,16.7378125,1.3014917718399344,0.9739862728395806,1.7391218740985692,0.07479120368585544,0.18011717482745757
medio_paraiba_internacoes_i60_i69_temp_med,Medio Paraiba,internacoes_i60_i69,temp_med,50%,21.88294082125604,1.0713636771591792,0.8479026988195358,1.353716800682498,0.5635582877746275,0.7554079176553518
medio_paraiba_internacoes_i60_i69_temp_med,Medio Paraiba,internacoes_i60_i69,temp_med,95%,26.34375,1.1752807081291878,1.026487369321433,1.3456422204335097,0.01936194965130177,0.13913431293993353
medio_paraiba_internacoes_i60_i69_temp_med,Medio Paraiba,internacoes_i60_i69,temp_med,99%,27.622020833333334,1,1,1,,
medio_paraiba_internacoes_i60_i69_ur_med,Medio Paraiba,internacoes_i60_i69,ur_med,5%,61.35416666666667,1.2854017895017615,1.0464272859979058,1.5789513352365292,0.016738794588350685,0.10202693844328037
medio_paraiba_internacoes_i60_i69_ur_med,Medio Paraiba,internacoes_i60_i69,ur_med,50%,76.67708333333334,1.6260944910266641,1.1990097084220612,2.205305991414451,0.0017631028042623216,0.06046718804258676
medio_paraiba_internacoes_i60_i69_ur_med,Medio Paraiba,internacoes_i60_i69,ur_med,95%,87.79166666666666,1.5400725093429108,1.1111794507677772,2.1345097161353572,0.009514643975755181,0.12178744288966632
medio_paraiba_internacoes_i60_i69_ur_med,Medio Paraiba,internacoes_i60_i69,ur_med,99%,91.13470833333332,1.6471735242567989,1.0405109142577065,2.607546525303032,0.03322054113510425,0.1860350303565838
medio_paraiba_obitos_i60_i69_temp_med,Medio Paraiba,obitos_i60_i69,temp_med,5%,16.7378125,1.2216980896697773,0.9792842097193293,1.5241195635438247,0.07598693313033367,0.18011717482745757
medio_paraiba_obitos_i60_i69_temp_med,Medio Paraiba,obitos_i60_i69,temp_med,50%,21.88294082125604,1.0745738551820327,0.9368566969051041,1.2325353216295991,0.30402017780614393,0.6026444062072391
medio_paraiba_obitos_i60_i69_temp_med,Medio Paraiba,obitos_i60_i69,temp_med,95%,26.34375,1.14188014813859,1.0265367627929738,1.2701837089257462,0.014604940024659606,0.12869083966959113
medio_paraiba_obitos_i60_i69_temp_med,Medio Paraiba,obitos_i60_i69,temp_med,99%,27.622020833333334,1.3807127049799455,1.1052634724934545,1.7248082662067052,0.004489894250130994,0.053878731001571936
medio_paraiba_obitos_i60_i69_ur_med,Medio Paraiba,obitos_i60_i69,ur_med,5%,61.35416666666667,1.2153863440837187,0.9944278435608102,1.4854410754387308,0.056730372193193934,0.18011717482745757
medio_paraiba_obitos_i60_i69_ur_med,Medio Paraiba,obitos_i60_i69,ur_med,50%,76.67708333333334,1.107627972781411,0.9263868812430763,1.3243276118522076,0.26218271326513565,0.5695693426104671
medio_paraiba_obitos_i60_i69_ur_med,Medio Paraiba,obitos_i60_i69,ur_med,95%,87.79166666666666,1.1395413901755735,0.9323324216184473,1.3928021270236446,0.20206231875557357,0.4244765831193446
medio_paraiba_obitos_i60_i69_ur_med,Medio Paraiba,obitos_i60_i69,ur_med,99%,91.13470833333332,1.3622680084861964,0.8846538084114338,2.097740505155737,0.16045400200905036,0.3839450958977168
medio_paraiba_internacoes_i60_i64_temp_med,Medio Paraiba,internacoes_i60_i64,temp_med,5%,16.7378125,1.3265721103086998,1.0629053766699994,1.6556446156685884,0.012434848721277137,0.09474238913423991
medio_paraiba_internacoes_i60_i64_temp_med,Medio Paraiba,internacoes_i60_i64,temp_med,50%,21.88294082125604,1.198015884103697,1.0008839286530549,1.43397452739225,0.04888467237674838,0.2989535655955594
medio_paraiba_internacoes_i60_i64_temp_med,Medio Paraiba,internacoes_i60_i64,temp_med,95%,26.34375,1.0738301714201293,0.9626778913833758,1.1978162658281828,0.20135583184100012,0.4244765831193446
medio_paraiba_internacoes_i60_i64_temp_med,Medio Paraiba,internacoes_i60_i64,temp_med,99%,27.622020833333334,1,1,1,,
medio_paraiba_internacoes_i60_i64_ur_med,Medio Paraiba,internacoes_i60_i64,ur_med,5%,61.35416666666667,1.2568816329400336,1.0551948355060505,1.497118244010726,0.010407339223659738,0.09140620276397086
medio_paraiba_internacoes_i60_i64_ur_med,Medio Paraiba,internacoes_i60_i64,ur_med,50%,76.67708333333334,1.4472762758198041,1.1384797044687238,1.839829564224247,0.0025347965659785693,0.06387687346265994
medio_paraiba_internacoes_i60_i64_ur_med,Medio Paraiba,internacoes_i60_i64,ur_med,95%,87.79166666666666,1.6858383507119632,1.3008108598885189,2.184830271923467,7.8809015096997e-5,0.003362517977471872
medio_paraiba_internacoes_i60_i64_ur_med,Medio Paraiba,internacoes_i60_i64,ur_med,99%,91.13470833333332,1.9301946508689323,1.3662136230508437,2.7269903676728227,1.9168153303500643e-4,0.004025312193735135
medio_paraiba_obitos_i60_i64_temp_med,Medio Paraiba,obitos_i60_i64,temp_med,5%,16.7378125,1.3123046484902006,0.9814854237704292,1.7546297160820603,0.06667387612984589,0.18011717482745757
medio_paraiba_obitos_i60_i64_temp_med,Medio Paraiba,obitos_i60_i64,temp_med,50%,21.88294082125604,1.1803238021711848,0.9844303724462006,1.4151983898160143,0.07337488211432555,0.38521813110020914
medio_paraiba_obitos_i60_i64_temp_med,Medio Paraiba,obitos_i60_i64,temp_med,95%,26.34375,1.2918610437543505,1.1223858023776996,1.486926289369142,3.581862659134716e-4,0.01080889946398387
medio_paraiba_obitos_i60_i64_temp_med,Medio Paraiba,obitos_i60_i64,temp_med,99%,27.622020833333334,1.9183180751100215,1.4304983120393557,2.5724911426477624,1.3526570783703609e-5,3.7874398194370106e-4
medio_paraiba_obitos_i60_i64_ur_med,Medio Paraiba,obitos_i60_i64,ur_med,5%,61.35416666666667,1.2848585105242634,0.9850090658086429,1.675985987714087,0.06452039386411258,0.18011717482745757
medio_paraiba_obitos_i60_i64_ur_med,Medio Paraiba,obitos_i60_i64,ur_med,50%,76.67708333333334,1.168780666682336,0.9230800363044797,1.479880609572421,0.19523614110919074,0.5144080073681672
medio_paraiba_obitos_i60_i64_ur_med,Medio Paraiba,obitos_i60_i64,ur_med,95%,87.79166666666666,1.2637586453956817,0.9669493842231118,1.6516747824349618,0.08654811172561697,0.28405534104817876
medio_paraiba_obitos_i60_i64_ur_med,Medio Paraiba,obitos_i60_i64,ur_med,99%,91.13470833333332,1.714961067971895,0.9641542177421718,3.050436756421255,0.06639783230390983,0.29354831123833824
medio_paraiba_internacoes_i60_i62_temp_med,Medio Paraiba,internacoes_i60_i62,temp_med,5%,16.7378125,1.2947744938545709,0.7625756386115535,2.1983930577545214,0.3388495694834931,0.486246591964654
medio_paraiba_internacoes_i60_i62_temp_med,Medio Paraiba,internacoes_i60_i62,temp_med,50%,21.88294082125604,1.3193618755052077,0.850154724725099,2.0475281827075498,0.21646120248853656,0.5144080073681672
medio_paraiba_internacoes_i60_i62_temp_med,Medio Paraiba,internacoes_i60_i62,temp_med,95%,26.34375,1.0480730483744567,0.8071891634149166,1.360842246793507,0.7245460369934575,0.8355125471636267
medio_paraiba_internacoes_i60_i62_temp_med,Medio Paraiba,internacoes_i60_i62,temp_med,99%,27.622020833333334,1,1,1,,
medio_paraiba_internacoes_i60_i62_ur_med,Medio Paraiba,internacoes_i60_i62,ur_med,5%,61.35416666666667,1.0057465576430586,0.9333661440874415,1.08373990702206,0.8804727185696919,0.9314091568340542
medio_paraiba_internacoes_i60_i62_ur_med,Medio Paraiba,internacoes_i60_i62,ur_med,50%,76.67708333333334,1.4423907670376246,0.9601964902176386,2.1667347735918323,0.07767696109716783,0.3914918839297259
medio_paraiba_internacoes_i60_i62_ur_med,Medio Paraiba,internacoes_i60_i62,ur_med,95%,87.79166666666666,1.6503377884785289,1.104923700519427,2.4649799934600227,0.014389424615562684,0.12869083966959113
medio_paraiba_internacoes_i60_i62_ur_med,Medio Paraiba,internacoes_i60_i62,ur_med,99%,91.13470833333332,1.9576164384082673,0.9942134272605087,3.854566851391076,0.05199490312755295,0.2598721025072277
medio_paraiba_obitos_i60_i62_temp_med,Medio Paraiba,obitos_i60_i62,temp_med,5%,16.7378125,1.1585652879760069,0.9594298783353722,1.399032442925163,0.1261262419974858,0.27834756854617554
medio_paraiba_obitos_i60_i62_temp_med,Medio Paraiba,obitos_i60_i62,temp_med,50%,21.88294082125604,1.3384757140355539,0.9223903365120645,1.9422549935176527,0.1248612715707418,0.49059972628457704
medio_paraiba_obitos_i60_i62_temp_med,Medio Paraiba,obitos_i60_i62,temp_med,95%,26.34375,1.5141811075790406,0.9774335458008703,2.345678063126743,0.06320358020096162,0.2379428901683261
medio_paraiba_obitos_i60_i62_temp_med,Medio Paraiba,obitos_i60_i62,temp_med,99%,27.622020833333334,2.4792143906141857,1.4336009263146083,4.287458163430062,0.0011589638995414117,0.016225494593579762
medio_paraiba_internacoes_i63_temp_med,Medio Paraiba,internacoes_i63,temp_med,5%,16.7378125,3.8509743712617843,0.8850189566688156,16.756707295779037,0.07231059100557116,0.18011717482745757
medio_paraiba_internacoes_i63_temp_med,Medio Paraiba,internacoes_i63,temp_med,50%,21.88294082125604,2.6883705882412054,0.746967801619202,9.67556620787893,0.13015551745961904,0.49059972628457704
medio_paraiba_internacoes_i63_temp_med,Medio Paraiba,internacoes_i63,temp_med,95%,26.34375,1.9565139515912517,0.9870776620595075,3.8780604504657927,0.05451726898024538,0.21806907592098151
medio_paraiba_internacoes_i63_temp_med,Medio Paraiba,internacoes_i63,temp_med,99%,27.622020833333334,1,1,1,,
medio_paraiba_internacoes_i63_ur_med,Medio Paraiba,internacoes_i63,ur_med,5%,61.35416666666667,2.5445406556813914,0.9602368289947975,6.742802351367181,0.060332076734192594,0.18011717482745757
medio_paraiba_internacoes_i63_ur_med,Medio Paraiba,internacoes_i63,ur_med,50%,76.67708333333334,4.753911379622153,1.0278958471869633,21.98634566639159,0.046023647118717516,0.2989535655955594
medio_paraiba_internacoes_i63_ur_med,Medio Paraiba,internacoes_i63,ur_med,95%,87.79166666666666,2.5245683970253223,0.512450809197557,12.437185144149034,0.2550194837402526,0.4690576418072301
medio_paraiba_internacoes_i63_ur_med,Medio Paraiba,internacoes_i63,ur_med,99%,91.13470833333332,1.8438399310500373,0.19867784460876406,17.111851087519995,0.5903963692107476,0.8700578072579437
metropolitana_i_internacoes_i60_i69_temp_med,Metropolitana I,internacoes_i60_i69,temp_med,5%,18.95347644927536,1.1675556526721511,0.9132913736379976,1.4926082096413409,0.21638986564783,0.3846930944850311
metropolitana_i_internacoes_i60_i69_temp_med,Metropolitana I,internacoes_i60_i69,temp_med,50%,23.440486111111113,1.0118921654504855,0.9618907470982463,1.0644927790281473,0.6475066401569868,0.8077805609879241
metropolitana_i_internacoes_i60_i69_temp_med,Metropolitana I,internacoes_i60_i69,temp_med,95%,28.231291666666664,1.256199606035233,1.0102757464053989,1.5619868692461378,0.04017606528822574,0.19778985988049597
metropolitana_i_internacoes_i60_i69_temp_med,Metropolitana I,internacoes_i60_i69,temp_med,99%,29.540993538647342,1.4023575250399867,0.9917936626493667,1.9828788003977595,0.055704603452047884,0.2599548161095568
metropolitana_i_internacoes_i60_i69_ur_med,Metropolitana I,internacoes_i60_i69,ur_med,5%,62.48234126984127,1.216395346435914,0.7449067546530069,1.986312554676973,0.4336665036200235,0.5535329608774009
metropolitana_i_internacoes_i60_i69_ur_med,Metropolitana I,internacoes_i60_i69,ur_med,50%,77.30376984126984,1.5901265997158498,1.0313781260128505,2.451576719877406,0.035742911828045745,0.25020038279632023
metropolitana_i_internacoes_i60_i69_ur_med,Metropolitana I,internacoes_i60_i69,ur_med,95%,88.96423611111112,1.148953903734554,0.8727420147101486,1.5125833873659618,0.32230355838214086,0.5237976237903261
metropolitana_i_internacoes_i60_i69_ur_med,Metropolitana I,internacoes_i60_i69,ur_med,99%,92.29516666666665,1,1,1,,
metropolitana_i_obitos_i60_i69_temp_med,Metropolitana I,obitos_i60_i69,temp_med,5%,18.95347644927536,1.209177032267662,1.128706445859985,1.295384730659192,6.45707387187637e-8,4.1325272780008766e-6
metropolitana_i_obitos_i60_i69_temp_med,Metropolitana I,obitos_i60_i69,temp_med,50%,23.440486111111113,1.0282944438389594,0.9881624283969106,1.0700563316756244,0.16953960830528733,0.5144080073681672
metropolitana_i_obitos_i60_i69_temp_med,Metropolitana I,obitos_i60_i69,temp_med,95%,28.231291666666664,1.1555062044474806,1.0897892918836376,1.2251860047264884,1.3109241537077886e-6,8.389914583729847e-5
metropolitana_i_obitos_i60_i69_temp_med,Metropolitana I,obitos_i60_i69,temp_med,99%,29.540993538647342,1.2927537389698038,1.1582238375639287,1.4429095442686088,4.652449690127284e-6,1.954028869853459e-4
metropolitana_i_obitos_i60_i69_ur_med,Metropolitana I,obitos_i60_i69,ur_med,5%,62.48234126984127,1.0354095764009068,0.9244533390554985,1.1596831831426209,0.5473829377159434,0.6427983121801905
metropolitana_i_obitos_i60_i69_ur_med,Metropolitana I,obitos_i60_i69,ur_med,50%,77.30376984126984,1.0250872195202958,0.897823668553961,1.1703899601090717,0.7141022044872931,0.8409053996766255
metropolitana_i_obitos_i60_i69_ur_med,Metropolitana I,obitos_i60_i69,ur_med,95%,88.96423611111112,1.0763571248687391,0.9336722109900693,1.24084731945398,0.31053061262424786,0.5236929013289149
metropolitana_i_obitos_i60_i69_ur_med,Metropolitana I,obitos_i60_i69,ur_med,99%,92.29516666666665,1.1423463708101702,0.9578802028960592,1.3623365708548518,0.13858932482447467,0.3839450958977168
metropolitana_i_internacoes_i60_i64_temp_med,Metropolitana I,internacoes_i60_i64,temp_med,5%,18.95347644927536,1.2780593603937447,1.130365700013026,1.4450506846335167,9.01153400229565e-5,0.0019224605871564053
metropolitana_i_internacoes_i60_i64_temp_med,Metropolitana I,internacoes_i60_i64,temp_med,50%,23.440486111111113,1.1475149986253954,1.0350842107668818,1.2721580122400342,0.008912525658210428,0.17562967078635988
metropolitana_i_internacoes_i60_i64_temp_med,Metropolitana I,internacoes_i60_i64,temp_med,95%,28.231291666666664,1.0095892433236027,0.9497515198980662,1.0731969561302939,0.7594936581518412,0.8527648091529445
metropolitana_i_internacoes_i60_i64_temp_med,Metropolitana I,internacoes_i60_i64,temp_med,99%,29.540993538647342,1,1,1,,
metropolitana_i_internacoes_i60_i64_ur_med,Metropolitana I,internacoes_i60_i64,ur_med,5%,62.48234126984127,1.0035489906993078,0.9810715439736106,1.026541420877955,0.7592052316903006,0.8305835013363974
metropolitana_i_internacoes_i60_i64_ur_med,Metropolitana I,internacoes_i60_i64,ur_med,50%,77.30376984126984,1.0717454254019012,0.9853347544761801,1.165734032674547,0.10620176794047871,0.4883262029968407
metropolitana_i_internacoes_i60_i64_ur_med,Metropolitana I,internacoes_i60_i64,ur_med,95%,88.96423611111112,1.147979983093057,1.0632054863764389,1.2395139589373172,4.2222263531186994e-4,0.01080889946398387
metropolitana_i_internacoes_i60_i64_ur_med,Metropolitana I,internacoes_i60_i64,ur_med,99%,92.29516666666665,1.196024515860996,1.040408965607279,1.3749157204787947,0.011836627038091144,0.09942766711996562
metropolitana_i_obitos_i60_i64_temp_med,Metropolitana I,obitos_i60_i64,temp_med,5%,18.95347644927536,1.1971632643877976,1.1013255561237938,1.301340801210419,2.3679268926436958e-5,8.587113165921396e-4
metropolitana_i_obitos_i60_i64_temp_med,Metropolitana I,obitos_i60_i64,temp_med,50%,23.440486111111113,1.0229762963431568,0.9795571536167508,1.0683200046226142,0.30462533300208133,0.6026444062072391
metropolitana_i_obitos_i60_i64_temp_med,Metropolitana I,obitos_i60_i64,temp_med,95%,28.231291666666664,1.1081952427884496,1.0303819776135492,1.1918848765031056,0.005679896801091754,0.08078075450441605
metropolitana_i_obitos_i60_i64_temp_med,Metropolitana I,obitos_i60_i64,temp_med,99%,29.540993538647342,1.1936027970592573,1.044293176778912,1.36426021813346,0.009442283607677276,0.08812798033832124
metropolitana_i_obitos_i60_i64_ur_med,Metropolitana I,obitos_i60_i64,ur_med,5%,62.48234126984127,1.0678465302776525,0.9298485883195479,1.2263246151578306,0.35248776008523125,0.4958069592407649
metropolitana_i_obitos_i60_i64_ur_med,Metropolitana I,obitos_i60_i64,ur_med,50%,77.30376984126984,1.1345124610750281,0.9645286584878767,1.3344533757580364,0.12754012709890875,0.49059972628457704
metropolitana_i_obitos_i60_i64_ur_med,Metropolitana I,obitos_i60_i64,ur_med,95%,88.96423611111112,1.1461762115833545,0.9631699778784025,1.363954377910878,0.12425241267213037,0.3519684353573803
metropolitana_i_obitos_i60_i64_ur_med,Metropolitana I,obitos_i60_i64,ur_med,99%,92.29516666666665,1.2143455773960399,0.9787421612386954,1.5066635930703383,0.07761176436902494,0.3053910936962203
metropolitana_i_internacoes_i60_i62_temp_med,Metropolitana I,internacoes_i60_i62,temp_med,5%,18.95347644927536,1.4102350393289311,1.0690217736901824,1.8603576794193937,0.015007326498733538,0.09604688959189465
metropolitana_i_internacoes_i60_i62_temp_med,Metropolitana I,internacoes_i60_i62,temp_med,50%,23.440486111111113,1.354302499270903,1.0711516397978353,1.7123021534818181,0.01126652118126042,0.17562967078635988
metropolitana_i_internacoes_i60_i62_temp_med,Metropolitana I,internacoes_i60_i62,temp_med,95%,28.231291666666664,1.1282171621515447,0.9813977421596755,1.2970011141172828,0.08988901180015499,0.287644837760496
metropolitana_i_internacoes_i60_i62_temp_med,Metropolitana I,internacoes_i60_i62,temp_med,99%,29.540993538647342,1,1,1,,
metropolitana_i_internacoes_i60_i62_ur_med,Metropolitana I,internacoes_i60_i62,ur_med,5%,62.48234126984127,1.0606871795446509,0.8147393671903428,1.3808799944578425,0.6615813639108934,0.7494018989433129
metropolitana_i_internacoes_i60_i62_ur_med,Metropolitana I,internacoes_i60_i62,ur_med,50%,77.30376984126984,1.0785354800433014,0.7885163549423084,1.4752246727936829,0.6361340440047634,0.8015288954460018
metropolitana_i_internacoes_i60_i62_ur_med,Metropolitana I,internacoes_i60_i62,ur_med,95%,88.96423611111112,1.1017656706039274,0.7890035108116897,1.5385072135769473,0.5694379185632967,0.7008466690009806
metropolitana_i_internacoes_i60_i62_ur_med,Metropolitana I,internacoes_i60_i62,ur_med,99%,92.29516666666665,1.0823380588529439,0.7181836552852345,1.6311366389650044,0.705355764295301,0.9321110312282844
metropolitana_i_internacoes_i63_temp_med,Metropolitana I,internacoes_i63,temp_med,5%,18.95347644927536,1.5371639258128649,1.0500833731964445,2.250176505154876,0.02701396456627988,0.138311498579353
metropolitana_i_internacoes_i63_temp_med,Metropolitana I,internacoes_i63,temp_med,50%,23.440486111111113,1.2816236620909132,0.9276882699990665,1.7705939207714416,0.13238405312440968,0.49059972628457704
metropolitana_i_internacoes_i63_temp_med,Metropolitana I,internacoes_i63,temp_med,95%,28.231291666666664,1.1043541032478303,0.9114273869818417,1.3381186507890372,0.3109426601640432,0.5236929013289149
metropolitana_i_internacoes_i63_temp_med,Metropolitana I,internacoes_i63,temp_med,99%,29.540993538647342,1,1,1,,
metropolitana_i_internacoes_i63_ur_med,Metropolitana I,internacoes_i63,ur_med,5%,62.48234126984127,1.0768563914613372,0.869276820693498,1.334005072062088,0.4979467887249404,0.6070208472075465
metropolitana_i_internacoes_i63_ur_med,Metropolitana I,internacoes_i63,ur_med,50%,77.30376984126984,1.066180928042533,0.8501619343885962,1.337088530244697,0.5790696588827886,0.76002892728366
metropolitana_i_internacoes_i63_ur_med,Metropolitana I,internacoes_i63,ur_med,95%,88.96423611111112,1.0008152846137068,0.9179427734501238,1.091169583645988,0.9852563450406814,1
metropolitana_i_internacoes_i63_ur_med,Metropolitana I,internacoes_i63,ur_med,99%,92.29516666666665,1.009906653510396,0.7164515753109414,1.423559503462496,0.9551185855719491,1
metropolitana_i_obitos_i63_temp_med,Metropolitana I,obitos_i63,temp_med,5%,18.95347644927536,1.508344284431454,0.6505088480197692,3.4974197311884905,0.3381350682353732,0.486246591964654
metropolitana_i_obitos_i63_temp_med,Metropolitana I,obitos_i63,temp_med,50%,23.440486111111113,1.6729430812508082,0.498837550673152,5.610520998926833,0.4045709233910057,0.6983004979077633
metropolitana_i_obitos_i63_temp_med,Metropolitana I,obitos_i63,temp_med,95%,28.231291666666664,2.15136694090195,0.49757010909597177,9.301964948849227,0.30510227539742685,0.5236929013289149
metropolitana_i_obitos_i63_temp_med,Metropolitana I,obitos_i63,temp_med,99%,29.540993538647342,1.6622686920809593,0.28839238606183687,9.581172521247053,0.5696075309847781,0.8544112964771672
metropolitana_i_obitos_i63_ur_med,Metropolitana I,obitos_i63,ur_med,5%,62.48234126984127,1.442775494711493,0.6082870827139741,3.4220702482330925,0.4054859741841121,0.5415656800020993
metropolitana_i_obitos_i63_ur_med,Metropolitana I,obitos_i63,ur_med,50%,77.30376984126984,1.822987701184759,0.7366610989228268,4.511279560615216,0.19398801823946427,0.5144080073681672
metropolitana_i_obitos_i63_ur_med,Metropolitana I,obitos_i63,ur_med,95%,88.96423611111112,1.7396262683101715,0.6932385041845023,4.365452200256518,0.23821075866421507,0.4690576418072301
metropolitana_i_obitos_i63_ur_med,Metropolitana I,obitos_i63,ur_med,99%,92.29516666666665,3.670808248289215,0.5159708167356577,26.115494827707607,0.19394908502679756,0.4177364908269486
metropolitana_ii_internacoes_i60_i69_temp_med,Metropolitana II,internacoes_i60_i69,temp_med,5%,14.417291666666667,1.150135931018198,1.0001060688865937,1.3226723654339674,0.04982640734654309,0.18011717482745757
metropolitana_ii_internacoes_i60_i69_temp_med,Metropolitana II,internacoes_i60_i69,temp_med,50%,21.996875000000003,1.180223481498671,0.9127703189534528,1.5260437783274117,0.20628961203321936,0.5144080073681672
metropolitana_ii_internacoes_i60_i69_temp_med,Metropolitana II,internacoes_i60_i69,temp_med,95%,28.229166666666668,1.0819713390229846,0.8092095484200912,1.4466734614696555,0.5950152478221644,0.7185089785022363
metropolitana_ii_internacoes_i60_i69_temp_med,Metropolitana II,internacoes_i60_i69,temp_med,99%,29.649958333333323,1.025655832538264,0.7495573491540923,1.4034548363870392,0.8742036638261192,0.9791081034852537
metropolitana_ii_internacoes_i60_i69_ur_med,Metropolitana II,internacoes_i60_i69,ur_med,5%,64.94375000000001,1.3028568093288904,1.0083019944367684,1.6834597917887038,0.043053507312240766,0.17221402924896306
metropolitana_ii_internacoes_i60_i69_ur_med,Metropolitana II,internacoes_i60_i69,ur_med,50%,79.54166666666666,1.1432918829928105,0.9114905094123115,1.434042720378972,0.24672759782504833,0.5530918961961905
metropolitana_ii_internacoes_i60_i69_ur_med,Metropolitana II,internacoes_i60_i69,ur_med,95%,94.58333333333333,1.0694297269984616,0.9501237372161275,1.2037168383341292,0.2660410176157188,0.47296180909461116
metropolitana_ii_internacoes_i60_i69_ur_med,Metropolitana II,internacoes_i60_i69,ur_med,99%,97.54166666666667,1,1,1,,
metropolitana_ii_obitos_i60_i69_temp_med,Metropolitana II,obitos_i60_i69,temp_med,5%,14.417291666666667,1.0740146865639353,0.7952907265108007,1.4504224788535398,0.6413623579464218,0.7395890253796575
metropolitana_ii_obitos_i60_i69_temp_med,Metropolitana II,obitos_i60_i69,temp_med,50%,21.996875000000003,1.0240314397932362,0.8099722116143717,1.2946621805641236,0.8426707185259543,0.9153147459850883
metropolitana_ii_obitos_i60_i69_temp_med,Metropolitana II,obitos_i60_i69,temp_med,95%,28.229166666666668,1.0178327303867623,0.9124587080270287,1.1353757248770577,0.7512490406578075,0.8516669044683776
metropolitana_ii_obitos_i60_i69_temp_med,Metropolitana II,obitos_i60_i69,temp_med,99%,29.649958333333323,1,1,1,,
metropolitana_ii_obitos_i60_i69_ur_med,Metropolitana II,obitos_i60_i69,ur_med,5%,64.94375000000001,1.223175076227044,0.9168100206285654,1.6319163550124252,0.17084190505271496,0.3263845350260823
metropolitana_ii_obitos_i60_i69_ur_med,Metropolitana II,obitos_i60_i69,ur_med,50%,79.54166666666666,1.3730482645552355,1.070502865212525,1.7610990106260636,0.01254497648473999,0.17562967078635988
metropolitana_ii_obitos_i60_i69_ur_med,Metropolitana II,obitos_i60_i69,ur_med,95%,94.58333333333333,1.0794138473304544,0.9442156316601593,1.233970519806102,0.26303329359772104,0.47296180909461116
metropolitana_ii_obitos_i60_i69_ur_med,Metropolitana II,obitos_i60_i69,ur_med,99%,97.54166666666667,1,1,1,,
metropolitana_ii_internacoes_i60_i64_temp_med,Metropolitana II,internacoes_i60_i64,temp_med,5%,14.417291666666667,1.1015627153660872,0.8816535698192715,1.3763233739681315,0.39456666283038105,0.5372822642796679
metropolitana_ii_internacoes_i60_i64_temp_med,Metropolitana II,internacoes_i60_i64,temp_med,50%,21.996875000000003,1.0755899671941738,0.9150611840730648,1.2642802444960768,0.3769063952073318,0.6819148419524593
metropolitana_ii_internacoes_i60_i64_temp_med,Metropolitana II,internacoes_i60_i64,temp_med,95%,28.229166666666668,1.0351862134839602,0.9608652082072149,1.115255800120678,0.3629576657100414,0.55173023846517
metropolitana_ii_internacoes_i60_i64_temp_med,Metropolitana II,internacoes_i60_i64,temp_med,99%,29.649958333333323,1,1,1,,
metropolitana_ii_internacoes_i60_i64_ur_med,Metropolitana II,internacoes_i60_i64,ur_med,5%,64.94375000000001,1.1375574152398813,0.9022961029853906,1.43415988242187,0.27560250653277724,0.43629415095063784
metropolitana_ii_internacoes_i60_i64_ur_med,Metropolitana II,internacoes_i60_i64,ur_med,50%,79.54166666666666,1.0132993154692942,0.8254142220290932,1.243951794538318,0.8995231516980629,0.9605077721521689
metropolitana_ii_internacoes_i60_i64_ur_med,Metropolitana II,internacoes_i60_i64,ur_med,95%,94.58333333333333,1.047773957897784,0.9415866233064791,1.1659365582251398,0.3920085046857514,0.5704733744021303
metropolitana_ii_internacoes_i60_i64_ur_med,Metropolitana II,internacoes_i60_i64,ur_med,99%,97.54166666666667,1,1,1,,
metropolitana_ii_obitos_i60_i64_temp_med,Metropolitana II,obitos_i60_i64,temp_med,5%,14.417291666666667,1.0868296790917353,0.9233695140315452,1.2792264996895826,0.316700653822246,0.46595038723272975
metropolitana_ii_obitos_i60_i64_temp_med,Metropolitana II,obitos_i60_i64,temp_med,50%,21.996875000000003,1.0523246753933164,0.8944427295750548,1.2380750447463116,0.5385974479852143,0.7554079176553518
metropolitana_ii_obitos_i60_i64_temp_med,Metropolitana II,obitos_i60_i64,temp_med,95%,28.229166666666668,1.0270922415811008,0.7847426379486941,1.344285911969346,0.8456469876038148,0.9133462558734629
metropolitana_ii_obitos_i60_i64_temp_med,Metropolitana II,obitos_i60_i64,temp_med,99%,29.649958333333323,1.0070551984365461,0.7120807270955894,1.424220785801342,0.9682872508160592,1
metropolitana_ii_obitos_i60_i64_ur_med,Metropolitana II,obitos_i60_i64,ur_med,5%,64.94375000000001,1.4089988819812724,0.9750907536916994,2.0359928980027773,0.06790219150576111,0.18011717482745757
metropolitana_ii_obitos_i60_i64_ur_med,Metropolitana II,obitos_i60_i64,ur_med,50%,79.54166666666666,1.415772599755482,1.0306944015659754,1.9447200364851234,0.031822912358839606,0.2487725664913524
metropolitana_ii_obitos_i60_i64_ur_med,Metropolitana II,obitos_i60_i64,ur_med,95%,94.58333333333333,1.1402583095608227,0.9612485379001772,1.35260441109511,0.1319703802956755,0.359408695273329
metropolitana_ii_obitos_i60_i64_ur_med,Metropolitana II,obitos_i60_i64,ur_med,99%,97.54166666666667,1,1,1,,
metropolitana_ii_internacoes_i60_i62_temp_med,Metropolitana II,internacoes_i60_i62,temp_med,5%,14.417291666666667,1.2760341506581019,0.6792869928709013,2.3970180067251707,0.44858421176799074,0.5574638748184739
metropolitana_ii_internacoes_i60_i62_temp_med,Metropolitana II,internacoes_i60_i62,temp_med,50%,21.996875000000003,1.749277011228978,1.1415258235044143,2.6805964429435907,0.010235624038342033,0.17562967078635988
metropolitana_ii_internacoes_i60_i62_temp_med,Metropolitana II,internacoes_i60_i62,temp_med,95%,28.229166666666668,1.141093178541276,0.9358688979458444,1.3913205631380858,0.19197647686501315,0.4244765831193446
metropolitana_ii_internacoes_i60_i62_temp_med,Metropolitana II,internacoes_i60_i62,temp_med,99%,29.649958333333323,1,1,1,,
metropolitana_ii_internacoes_i60_i62_ur_med,Metropolitana II,internacoes_i60_i62,ur_med,5%,64.94375000000001,1.347798590384271,0.9945997470529145,1.826424192872013,0.0542243633331165,0.18011717482745757
metropolitana_ii_internacoes_i60_i62_ur_med,Metropolitana II,internacoes_i60_i62,ur_med,50%,79.54166666666666,1.0019930330571525,0.9846844243583135,1.0196058894191806,0.8227948757274616,0.9116850901550505
metropolitana_ii_internacoes_i60_i62_ur_med,Metropolitana II,internacoes_i60_i62,ur_med,95%,94.58333333333333,1.5147973153142045,0.986759986797408,2.325399222895556,0.05756247918614552,0.22327264654020082
metropolitana_ii_internacoes_i60_i62_ur_med,Metropolitana II,internacoes_i60_i62,ur_med,99%,97.54166666666667,1.7190561114254417,0.891683148769775,3.3141300453039695,0.1057371494882365,0.341612329115841
metropolitana_ii_obitos_i60_i62_temp_med,Metropolitana II,obitos_i60_i62,temp_med,5%,14.417291666666667,1.8661575520153357,1.0224086214064587,3.4062154172303134,0.042138567739962524,0.17221402924896306
metropolitana_ii_obitos_i60_i62_temp_med,Metropolitana II,obitos_i60_i62,temp_med,50%,21.996875000000003,1.5910308379053923,0.9905675333524652,2.5554836413815876,0.05476140243690716,0.3136334866841046
metropolitana_ii_obitos_i60_i62_temp_med,Metropolitana II,obitos_i60_i62,temp_med,95%,28.229166666666668,1.2296634059731648,0.9823996693479392,1.539161849467184,0.07108455386671349,0.2599663684268379
metropolitana_ii_obitos_i60_i62_temp_med,Metropolitana II,obitos_i60_i62,temp_med,99%,29.649958333333323,1,1,1,,
metropolitana_ii_obitos_i60_i62_ur_med,Metropolitana II,obitos_i60_i62,ur_med,5%,64.94375000000001,1.184964775036577,0.7749424609770046,1.8119300319500131,0.43347864673261605,0.5535329608774009
metropolitana_ii_obitos_i60_i62_ur_med,Metropolitana II,obitos_i60_i62,ur_med,50%,79.54166666666666,1.3990348530551124,0.8287677400984256,2.3616972830415537,0.20878184762480864,0.5144080073681672
metropolitana_ii_obitos_i60_i62_ur_med,Metropolitana II,obitos_i60_i62,ur_med,95%,94.58333333333333,1.2742069045727868,0.7023901900171983,2.311540307277368,0.4251967037213861,0.5764375377553073
metropolitana_ii_obitos_i60_i62_ur_med,Metropolitana II,obitos_i60_i62,ur_med,99%,97.54166666666667,1.1684231440190795,0.5800967651238313,2.3534222660041952,0.6630600881988771,0.9282841234784278
metropolitana_ii_internacoes_i63_temp_med,Metropolitana II,internacoes_i63,temp_med,5%,14.417291666666667,1.5924000798909141,0.9823368671265441,2.581332432176688,0.05907191235307464,0.18011717482745757
metropolitana_ii_internacoes_i63_temp_med,Metropolitana II,internacoes_i63,temp_med,50%,21.996875000000003,1.0069395949725217,0.9724814379344164,1.0426187157639142,0.697075784407537,0.8364909412890444
metropolitana_ii_internacoes_i63_temp_med,Metropolitana II,internacoes_i63,temp_med,95%,28.229166666666668,1.3778225181524089,0.9653530856089687,1.9665290553562487,0.07744549215670311,0.27536174989049994
metropolitana_ii_internacoes_i63_temp_med,Metropolitana II,internacoes_i63,temp_med,99%,29.649958333333323,1.4508477165428209,0.9080874071357834,2.3180137507212115,0.11954922152036869,0.3586476645611061
metropolitana_ii_internacoes_i63_ur_med,Metropolitana II,internacoes_i63,ur_med,5%,64.94375000000001,1.1490372983739199,0.7641169145062922,1.727859556554241,0.5044929566643062,0.6091990420097282
metropolitana_ii_internacoes_i63_ur_med,Metropolitana II,internacoes_i63,ur_med,50%,79.54166666666666,1.236415486172151,0.7665736166306392,1.9942288924129603,0.38425360141765563,0.6819148419524593
metropolitana_ii_internacoes_i63_ur_med,Metropolitana II,internacoes_i63,ur_med,95%,94.58333333333333,1.5481421358322334,0.8371700788110101,2.8629117707397786,0.16351178469816094,0.3874207411255309
metropolitana_ii_internacoes_i63_ur_med,Metropolitana II,internacoes_i63,ur_med,99%,97.54166666666667,1.8836500090133856,0.852480828796651,4.162131553696785,0.1174899071375367,0.3586476645611061
metropolitana_ii_obitos_i63_temp_med,Metropolitana II,obitos_i63,temp_med,5%,14.417291666666667,2.323239932738089,0.7450169941144209,7.244725728014645,0.14630586228860962,0.29725635512606396
metropolitana_ii_obitos_i63_temp_med,Metropolitana II,obitos_i63,temp_med,50%,21.996875000000003,1.0764307366805674,0.7677912828822022,1.5091381690620762,0.6692187108433445,0.8266819369241315
metropolitana_ii_obitos_i63_temp_med,Metropolitana II,obitos_i63,temp_med,95%,28.229166666666668,2.538074987411927,0.8500984904961015,7.577739184040574,0.0951255586612483,0.2899064644914234
metropolitana_ii_obitos_i63_temp_med,Metropolitana II,obitos_i63,temp_med,99%,29.649958333333323,2.8195722175668685,0.6934592406920073,11.46424623621946,0.14749041673397334,0.3839450958977168
metropolitana_ii_obitos_i63_ur_med,Metropolitana II,obitos_i63,ur_med,5%,64.94375000000001,5.588537357979553,0.8421060399516893,37.087668678073854,0.07475007217307335,0.18011717482745757
metropolitana_ii_obitos_i63_ur_med,Metropolitana II,obitos_i63,ur_med,50%,79.54166666666666,3.6876434697190272,0.6979330819940099,19.484266773699225,0.1244098187204068,0.49059972628457704
metropolitana_ii_obitos_i63_ur_med,Metropolitana II,obitos_i63,ur_med,95%,94.58333333333333,1.3238328041339755,0.5636194573668847,3.1094265295394576,0.5196401477045322,0.6531534077647244
metropolitana_ii_obitos_i63_ur_med,Metropolitana II,obitos_i63,ur_med,99%,97.54166666666667,1,1,1,,
noroeste_internacoes_i60_i69_temp_med,Noroeste,internacoes_i60_i69,temp_med,5%,18.439375000000002,2.2067538827044144,1.344588626991016,3.6217491365584387,0.0017403215825917081,0.028397904115991374
noroeste_internacoes_i60_i69_temp_med,Noroeste,internacoes_i60_i69,temp_med,50%,23.820833333333333,1.2014750886711423,0.7828943501822089,1.8438533735252567,0.40094357707649525,0.6983004979077633
noroeste_internacoes_i60_i69_temp_med,Noroeste,internacoes_i60_i69,temp_med,95%,28.620833333333334,1.0119712484364514,0.7821833621562283,1.309265649475021,0.9278462726025768,0.9715978703657293
noroeste_internacoes_i60_i69_temp_med,Noroeste,internacoes_i60_i69,temp_med,99%,30.226749999999996,1,1,1,,
noroeste_internacoes_i60_i69_ur_med,Noroeste,internacoes_i60_i69,ur_med,5%,61.541666666666664,1.2067293108760602,0.8674633812808635,1.6786825370971254,0.264529436597736,0.4340995882629513
noroeste_internacoes_i60_i69_ur_med,Noroeste,internacoes_i60_i69,ur_med,50%,75,1.5983199007000468,1.0446720648113244,2.4453860603951276,0.030665237052728476,0.2487725664913524
noroeste_internacoes_i60_i69_ur_med,Noroeste,internacoes_i60_i69,ur_med,95%,88.89177631578946,1.644183343371437,1.0167620107352606,2.6587724935407318,0.042585499753788905,0.20188681364759184
noroeste_internacoes_i60_i69_ur_med,Noroeste,internacoes_i60_i69,ur_med,99%,94.79166666666667,1.802174663633364,0.9934222038849152,3.269338560725667,0.052593163602653224,0.2598721025072277
noroeste_obitos_i60_i69_temp_med,Noroeste,obitos_i60_i69,temp_med,5%,18.439375000000002,1.2678920504358517,0.8942346219773419,1.7976828586705746,0.18271864962574827,0.33895633553762
noroeste_obitos_i60_i69_temp_med,Noroeste,obitos_i60_i69,temp_med,50%,23.820833333333333,1.0001901740358083,0.9867862181051362,1.0137762018593535,0.9779623142697773,1
noroeste_obitos_i60_i69_temp_med,Noroeste,obitos_i60_i69,temp_med,95%,28.620833333333334,1.1500743717838489,0.8144351737048723,1.6240347953259102,0.4271009654819904,0.5764375377553073
noroeste_obitos_i60_i69_temp_med,Noroeste,obitos_i60_i69,temp_med,99%,30.226749999999996,1.0964594842384452,0.7007806329720095,1.7155488379834498,0.6868097246135116,0.9321110312282844
noroeste_obitos_i60_i69_ur_med,Noroeste,obitos_i60_i69,ur_med,5%,61.541666666666664,1.016508247111068,0.7213901022013257,1.4323581835843453,0.9254468117910556,0.970960589420124
noroeste_obitos_i60_i69_ur_med,Noroeste,obitos_i60_i69,ur_med,50%,75,1.0171876309844727,0.6526667903137797,1.585296957012888,0.9399974816238863,0.9869973557050806
noroeste_obitos_i60_i69_ur_med,Noroeste,obitos_i60_i69,ur_med,95%,88.89177631578946,1.050971583677193,0.6297089364866884,1.754050491739045,0.8491265972573601,0.9133462558734629
noroeste_obitos_i60_i69_ur_med,Noroeste,obitos_i60_i69,ur_med,99%,94.79166666666667,1.0086614350117837,0.5293522337323122,1.9219676911659505,0.9790839608456882,1
noroeste_internacoes_i60_i64_temp_med,Noroeste,internacoes_i60_i64,temp_med,5%,18.439375000000002,1.6991555657027284,1.2185908330959092,2.3692362998691023,0.001774869007249461,0.028397904115991374
noroeste_internacoes_i60_i64_temp_med,Noroeste,internacoes_i60_i64,temp_med,50%,23.820833333333333,1.0862498784961614,0.8164723688199547,1.4451668465379766,0.5700586668562604,0.7560778107777769
noroeste_internacoes_i60_i64_temp_med,Noroeste,internacoes_i60_i64,temp_med,95%,28.620833333333334,1.0762019997810937,0.9081218378217514,1.2753913584007015,0.3966572681389813,0.5704733744021303
noroeste_internacoes_i60_i64_temp_med,Noroeste,internacoes_i60_i64,temp_med,99%,30.226749999999996,1,1,1,,
noroeste_internacoes_i60_i64_ur_med,Noroeste,internacoes_i60_i64,ur_med,5%,61.541666666666664,1.0456999214928058,0.8363182377119953,1.3075026664510296,0.6950639262341217,0.7784853040146077
noroeste_internacoes_i60_i64_ur_med,Noroeste,internacoes_i60_i64,ur_med,50%,75,1.1114767639659193,0.8330620365600155,1.48293949624381,0.4724965480709521,0.7384895074062005
noroeste_internacoes_i60_i64_ur_med,Noroeste,internacoes_i60_i64,ur_med,95%,88.89177631578946,1.3062344920441562,0.9428102708070002,1.8097475187084973,0.10828517360033531,0.32233726094983534
noroeste_internacoes_i60_i64_ur_med,Noroeste,internacoes_i60_i64,ur_med,99%,94.79166666666667,1.4200690863035605,0.9512072831619426,2.120038655687737,0.08629020022618643,0.3053910936962203
noroeste_obitos_i60_i64_temp_med,Noroeste,obitos_i60_i64,temp_med,5%,18.439375000000002,1.5772081813272196,0.9874014105000797,2.519325596249303,0.05653296571738877,0.18011717482745757
noroeste_obitos_i60_i64_temp_med,Noroeste,obitos_i60_i64,temp_med,50%,23.820833333333333,1,1,1,,
noroeste_obitos_i60_i64_temp_med,Noroeste,obitos_i60_i64,temp_med,95%,28.620833333333334,1.6124209448062632,1.0333577032985888,2.5159741829482267,0.03533374833999252,0.1972261676326506
noroeste_obitos_i60_i64_temp_med,Noroeste,obitos_i60_i64,temp_med,99%,30.226749999999996,1.5233874684021957,0.8511527403543483,2.7265486778773727,0.15639033286405118,0.3839450958977168
noroeste_obitos_i60_i64_ur_med,Noroeste,obitos_i60_i64,ur_med,5%,61.541666666666664,1.0923174485564289,0.6977174028451314,1.7100869256742124,0.6994203903256241,0.7784853040146077
noroeste_obitos_i60_i64_ur_med,Noroeste,obitos_i60_i64,ur_med,50%,75,1.1104334928531032,0.6211799179241367,1.9850328487285926,0.7237596812022247,0.8443862947359289
noroeste_obitos_i60_i64_ur_med,Noroeste,obitos_i60_i64,ur_med,95%,88.89177631578946,1.403547797747153,0.7162831148058912,2.7502343414792456,0.3232813459330919,0.5237976237903261
noroeste_obitos_i60_i64_ur_med,Noroeste,obitos_i60_i64,ur_med,99%,94.79166666666667,1.176674856637799,0.49888583194808855,2.7753117638900098,0.7101798333167881,0.9321110312282844
noroeste_internacoes_i60_i62_temp_med,Noroeste,internacoes_i60_i62,temp_med,5%,18.439375000000002,2.0593024901788497,1.1591115956032685,3.658600916549103,0.01375830318531613,0.09547618262091938
noroeste_internacoes_i60_i62_temp_med,Noroeste,internacoes_i60_i62,temp_med,50%,23.820833333333333,1.1560744738615978,0.7309555945757485,1.8284396467203845,0.5352209621252657,0.7554079176553518
noroeste_internacoes_i60_i62_temp_med,Noroeste,internacoes_i60_i62,temp_med,95%,28.620833333333334,1.0090058165201652,0.8553151172143713,1.1903130405169215,0.9153159758927883,0.9682681397874124
noroeste_internacoes_i60_i62_temp_med,Noroeste,internacoes_i60_i62,temp_med,99%,30.226749999999996,1.0504520988960273,0.6088759589995965,1.8122732483773443,0.8595923226918324,0.9791081034852537
noroeste_internacoes_i60_i62_ur_med,Noroeste,internacoes_i60_i62,ur_med,5%,61.541666666666664,1.0502787320224403,0.6514807041281964,1.6931973701581853,0.8404415135651053,0.896470947802779
noroeste_internacoes_i60_i62_ur_med,Noroeste,internacoes_i60_i62,ur_med,50%,75,1.0192679912952984,0.5332117235210712,1.948395341382807,0.9539626535162584,0.9933825978764345
noroeste_internacoes_i60_i62_ur_med,Noroeste,internacoes_i60_i62,ur_med,95%,88.89177631578946,1.3195402599030945,0.6481307336110187,2.6864742052953074,0.4446137025546068,0.5928182700728091
noroeste_internacoes_i60_i62_ur_med,Noroeste,internacoes_i60_i62,ur_med,99%,94.79166666666667,1.5151627866097561,0.623219956554766,3.683640496074683,0.35928028881205964,0.6035908852042602
noroeste_obitos_i60_i62_ur_med,Noroeste,obitos_i60_i62,ur_med,5%,61.541666666666664,1.0017625548092999,0.8900309195542722,1.1275206222280716,0.976716486683735,1
noroeste_obitos_i60_i62_ur_med,Noroeste,obitos_i60_i62,ur_med,50%,75,1.2936738979977906,0.6348146319731374,2.636347793621142,0.47839374744800284,0.7384895074062005
noroeste_obitos_i60_i62_ur_med,Noroeste,obitos_i60_i62,ur_med,95%,88.89177631578946,1.3356936086266813,0.6531013807578274,2.7317005731269606,0.4278247350527671,0.5764375377553073
noroeste_obitos_i60_i62_ur_med,Noroeste,obitos_i60_i62,ur_med,99%,94.79166666666667,1.2140979398815832,0.3681351507008349,4.004056132152885,0.7499992000604784,0.9473528909992213
noroeste_internacoes_i63_temp_med,Noroeste,internacoes_i63,temp_med,5%,18.439375000000002,5.792889774073199,0.5999686023476196,55.9322134579281,0.1289193678694316,0.279689476055716
noroeste_internacoes_i63_temp_med,Noroeste,internacoes_i63,temp_med,50%,23.820833333333333,3.257896958458127,0.49438021969250373,21.469088303193807,0.21955761662583204,0.5144080073681672
noroeste_internacoes_i63_temp_med,Noroeste,internacoes_i63,temp_med,95%,28.620833333333334,4.691946383914443,1.332522784034313,16.520813852711537,0.016086354958698892,0.12869083966959113
noroeste_internacoes_i63_temp_med,Noroeste,internacoes_i63,temp_med,99%,30.226749999999996,1,1,1,,
noroeste_internacoes_i63_ur_med,Noroeste,internacoes_i63,ur_med,5%,61.541666666666664,15.859338045989103,4.25205714756172,59.15221609878578,3.870979688494373e-5,9.909708002545595e-4
noroeste_internacoes_i63_ur_med,Noroeste,internacoes_i63,ur_med,50%,75,5.642844213131881,1.4053027965248817,22.65824197633138,0.014699897030574076,0.1814857976402833
noroeste_internacoes_i63_ur_med,Noroeste,internacoes_i63,ur_med,95%,88.89177631578946,10.28972146648582,2.393248116649755,44.24044758304268,0.0017323184606669161,0.036956127160894206
noroeste_internacoes_i63_ur_med,Noroeste,internacoes_i63,ur_med,99%,94.79166666666667,1276.3266910509376,19.234600179713183,84691.63939301214,8.336562183755165e-4,0.014005424468708677
noroeste_obitos_i63_ur_med,Noroeste,obitos_i63,ur_med,5%,61.541666666666664,4540469.46864864,0,Inf,1,1
noroeste_obitos_i63_ur_med,Noroeste,obitos_i63,ur_med,50%,75,7013232.079723705,1.2155870219229879e-12,4046228144675103e10,0.4744923380014331,0.7384895074062005
noroeste_obitos_i63_ur_med,Noroeste,obitos_i63,ur_med,95%,88.89177631578946,33.37369566845765,1.0772923695118393e-26,1033891628765118e14,0.9135114718063482,0.9682681397874124
noroeste_obitos_i63_ur_med,Noroeste,obitos_i63,ur_med,99%,94.79166666666667,90701706.1018826,2.788749784914513e-85,2949995562274724e85,0.8661190881152524,0.9791081034852537
norte_internacoes_i60_i69_temp_med,Norte,internacoes_i60_i69,temp_med,5%,19.796458333333334,1.8091686815158587,1.2046127625196026,2.717131529747152,0.004275651388693927,0.049753034341165694
norte_internacoes_i60_i69_temp_med,Norte,internacoes_i60_i69,temp_med,50%,23.764583333333334,1.8634705757053158,1.318416975654369,2.633857611546594,4.221914097852156e-4,0.026598058816468585
norte_internacoes_i60_i69_temp_med,Norte,internacoes_i60_i69,temp_med,95%,27.6375,1.2312131067620722,0.9997484495769516,1.5162671319011978,0.05027741194346009,0.21445321336406228
norte_internacoes_i60_i69_temp_med,Norte,internacoes_i60_i69,temp_med,99%,28.554361111111106,1,1,1,,
norte_internacoes_i60_i69_ur_med,Norte,internacoes_i60_i69,ur_med,5%,67.25208333333333,1.4404860210263994,1.0814566577518192,1.9187084030589554,0.012582973556891237,0.09474238913423991
norte_internacoes_i60_i69_ur_med,Norte,internacoes_i60_i69,ur_med,50%,77.70833333333333,1.4827488655250136,1.0353841764702918,2.1234091153592187,0.03157587713280112,0.2487725664913524
norte_internacoes_i60_i69_ur_med,Norte,internacoes_i60_i69,ur_med,95%,88.6473544973545,1.750222047303903,1.199027633596162,2.554801181421638,0.003725229046960218,0.06811847400155827
norte_internacoes_i60_i69_ur_med,Norte,internacoes_i60_i69,ur_med,99%,92.2459722222222,1.411106099862518,0.8503411152800926,2.3416725232829902,0.18265680685085203,0.4037676783018835
norte_obitos_i60_i69_temp_med,Norte,obitos_i60_i69,temp_med,5%,19.796458333333334,1.3976732218933605,1.1211348962622039,1.7424222916533831,0.0029159307561836224,0.03732391367915037
norte_obitos_i60_i69_temp_med,Norte,obitos_i60_i69,temp_med,50%,23.764583333333334,1.0011715038331541,0.991755155277604,1.0106772571370917,0.8081324319050075,0.9091489858931334
norte_obitos_i60_i69_temp_med,Norte,obitos_i60_i69,temp_med,95%,27.6375,1.195999268433556,0.9402220676815759,1.5213578783794706,0.14487193084988428,0.3636001401722586
norte_obitos_i60_i69_temp_med,Norte,obitos_i60_i69,temp_med,99%,28.554361111111106,1.0408265868406699,0.7243073464765759,1.4956633936467096,0.8287372182605792,0.9791081034852537
norte_obitos_i60_i69_ur_med,Norte,obitos_i60_i69,ur_med,5%,67.25208333333333,1.5186273032292679,0.9932911416339891,2.3218055507065065,0.053744908610601286,0.18011717482745757
norte_obitos_i60_i69_ur_med,Norte,obitos_i60_i69,ur_med,50%,77.70833333333333,1.4767975580418524,1.000297050778575,2.180283372565044,0.049825594265926566,0.2989535655955594
norte_obitos_i60_i69_ur_med,Norte,obitos_i60_i69,ur_med,95%,88.6473544973545,1.3410641846574152,0.9984349103331431,1.8012723000348378,0.05122876161032971,0.21445321336406228
norte_obitos_i60_i69_ur_med,Norte,obitos_i60_i69,ur_med,99%,92.2459722222222,1,1,1,,
norte_internacoes_i60_i64_temp_med,Norte,internacoes_i60_i64,temp_med,5%,19.796458333333334,1.2240039723841885,0.8830272699589896,1.6966471765723081,0.22502950731263743,0.3892402288651026
norte_internacoes_i60_i64_temp_med,Norte,internacoes_i60_i64,temp_med,50%,23.764583333333334,1.1917700539404714,0.899409830068866,1.5791642630373781,0.22182050262838998,0.5144080073681672
norte_internacoes_i60_i64_temp_med,Norte,internacoes_i60_i64,temp_med,95%,27.6375,1.1258155500842615,0.9541384515349927,1.3283823231025553,0.16036719024797577,0.38730189342907356
norte_internacoes_i60_i64_temp_med,Norte,internacoes_i60_i64,temp_med,99%,28.554361111111106,1,1,1,,
norte_internacoes_i60_i64_ur_med,Norte,internacoes_i60_i64,ur_med,5%,67.25208333333333,1.1234925494655965,0.9097428222146712,1.3874641029119958,0.27950094045275237,0.43629415095063784
norte_internacoes_i60_i64_ur_med,Norte,internacoes_i60_i64,ur_med,50%,77.70833333333333,1.0714521589221546,0.8211267811888963,1.3980907152933937,0.6112118756078468,0.7858438400672317
norte_internacoes_i60_i64_ur_med,Norte,internacoes_i60_i64,ur_med,95%,88.6473544973545,1.1575054948102703,0.8724788975870778,1.5356462766278518,0.3105204565794119,0.5236929013289149
norte_internacoes_i60_i64_ur_med,Norte,internacoes_i60_i64,ur_med,99%,92.2459722222222,1.069538796397318,0.7354772462161706,1.555334638677328,0.7249334356446602,0.9368370552946378
norte_obitos_i60_i64_temp_med,Norte,obitos_i60_i64,temp_med,5%,19.796458333333334,2.1016120333219037,1.1950429929132218,3.6959114984109624,0.009920328321448388,0.09140620276397086
norte_obitos_i60_i64_temp_med,Norte,obitos_i60_i64,temp_med,50%,23.764583333333334,1.353673804751085,0.8303908047012384,2.206711297012205,0.22454317781943806,0.5144080073681672
norte_obitos_i60_i64_temp_med,Norte,obitos_i60_i64,temp_med,95%,27.6375,1.4531605591099421,1.0792136008102413,1.956679946367741,0.013809560367204097,0.12869083966959113
norte_obitos_i60_i64_temp_med,Norte,obitos_i60_i64,temp_med,99%,28.554361111111106,1,1,1,,
norte_obitos_i60_i64_ur_med,Norte,obitos_i60_i64,ur_med,5%,67.25208333333333,1.7204453158530322,0.9750368384133398,3.035713081012698,0.06110834783615193,0.18011717482745757
norte_obitos_i60_i64_ur_med,Norte,obitos_i60_i64,ur_med,50%,77.70833333333333,1.8376076231889782,1.0903771880532034,3.09691161352275,0.022320274176278434,0.2163349650931602
norte_obitos_i60_i64_ur_med,Norte,obitos_i60_i64,ur_med,95%,88.6473544973545,1.5492372830810184,1.0442561132128823,2.2984171497006725,0.029620022725282868,0.1925714426740285
norte_obitos_i60_i64_ur_med,Norte,obitos_i60_i64,ur_med,99%,92.2459722222222,1,1,1,,
norte_internacoes_i60_i62_temp_med,Norte,internacoes_i60_i62,temp_med,5%,19.796458333333334,1.2345862412997686,0.9198035854609693,1.6570963750296968,0.16052735940535848,0.31611541544439825
norte_internacoes_i60_i62_temp_med,Norte,internacoes_i60_i62,temp_med,50%,23.764583333333334,1.0932700580587018,0.7135376645155797,1.6750894581845581,0.6820945935506869,0.8344069785183159
norte_internacoes_i60_i62_temp_med,Norte,internacoes_i60_i62,temp_med,95%,27.6375,1.066910207472698,0.6160439526313602,1.8477535343822957,0.8172093478973611,0.8940409959902755
norte_internacoes_i60_i62_temp_med,Norte,internacoes_i60_i62,temp_med,99%,28.554361111111106,1.0210030540445514,0.5271247466067309,1.9776101256464704,0.950863415505992,1
norte_internacoes_i60_i62_ur_med,Norte,internacoes_i60_i62,ur_med,5%,67.25208333333333,1.2240752250672389,0.913823078257051,1.6396611031987254,0.17519449962315597,0.32977788164358773
norte_internacoes_i60_i62_ur_med,Norte,internacoes_i60_i62,ur_med,50%,77.70833333333333,1.0598814596342994,0.7843160028402002,1.4322654445511915,0.7050116256773779,0.8380326871259397
norte_internacoes_i60_i62_ur_med,Norte,internacoes_i60_i62,ur_med,95%,88.6473544973545,1.0456398037513899,0.7929329669574791,1.3788840226741088,0.7518621891009896,0.8516669044683776
norte_internacoes_i60_i62_ur_med,Norte,internacoes_i60_i62,ur_med,99%,92.2459722222222,1.110457699603978,0.5740542487447144,2.1480832261170724,0.7556267106779503,0.9473528909992213
norte_obitos_i60_i62_temp_med,Norte,obitos_i60_i62,temp_med,5%,19.796458333333334,2.6260573891647176,1.1408665024208444,6.044683928008557,0.02322037983313634,0.12384202577672715
norte_obitos_i60_i62_temp_med,Norte,obitos_i60_i62,temp_med,50%,23.764583333333334,1.811810976366017,0.8767883350228416,3.743958356830628,0.10851693399929793,0.4883262029968407
norte_obitos_i60_i62_temp_med,Norte,obitos_i60_i62,temp_med,95%,27.6375,1.6023299235380382,1.0296155911081344,2.4936114080228315,0.03668058238444673,0.1972261676326506
norte_obitos_i60_i62_temp_med,Norte,obitos_i60_i62,temp_med,99%,28.554361111111106,1,1,1,,
norte_obitos_i60_i62_ur_med,Norte,obitos_i60_i62,ur_med,5%,67.25208333333333,1.830349793250342,0.7930192917153847,4.224588734032907,0.15661848388771135,0.3132369677754227
norte_obitos_i60_i62_ur_med,Norte,obitos_i60_i62,ur_med,50%,77.70833333333333,2.057908539642331,0.960607833734832,4.408653988451511,0.0633714828895847,0.3471655149603336
norte_obitos_i60_i62_ur_med,Norte,obitos_i60_i62,ur_med,95%,88.6473544973545,1.7764419077972953,0.9951880845935634,3.17100445697891,0.051937887611608835,0.21445321336406228
norte_obitos_i60_i62_ur_med,Norte,obitos_i60_i62,ur_med,99%,92.2459722222222,1,1,1,,
norte_internacoes_i63_temp_med,Norte,internacoes_i63,temp_med,5%,19.796458333333334,1.1735225646920255,0.7759336066603161,1.7748364009760342,0.4484068952293848,0.5574638748184739
norte_internacoes_i63_temp_med,Norte,internacoes_i63,temp_med,50%,23.764583333333334,1.3155829407059791,0.7186627506034734,2.408304134899498,0.3739576808755288,0.6819148419524593
norte_internacoes_i63_temp_med,Norte,internacoes_i63,temp_med,95%,27.6375,1.3202171888920342,0.6217229601988207,2.8034567442846248,0.4696713244628745,0.6197724693943086
norte_internacoes_i63_temp_med,Norte,internacoes_i63,temp_med,99%,28.554361111111106,1.0335824253749566,0.4218474164424298,2.532414774643451,0.9424091841766735,1
norte_internacoes_i63_ur_med,Norte,internacoes_i63,ur_med,5%,67.25208333333333,1.7719056761224774,0.7905784906267525,3.97133208441582,0.16474927715418994,0.3195137496323684
norte_internacoes_i63_ur_med,Norte,internacoes_i63,ur_med,50%,77.70833333333333,2.2417552331176678,1.064800681845457,4.719631205063253,0.03356455262184913,0.2487725664913524
norte_internacoes_i63_ur_med,Norte,internacoes_i63,ur_med,95%,88.6473544973545,1.8010036694310598,1.0361832047368884,3.1303481879227846,0.03697990643112199,0.1972261676326506
norte_internacoes_i63_ur_med,Norte,internacoes_i63,ur_med,99%,92.2459722222222,1,1,1,,
serrana_internacoes_i60_i69_temp_med,Serrana,internacoes_i60_i69,temp_med,5%,12.093055555555555,1.7603968668878216,1.3519522016010042,2.292238679206687,2.6834728643504363e-5,8.587113165921396e-4
serrana_internacoes_i60_i69_temp_med,Serrana,internacoes_i60_i69,temp_med,50%,17.786388888888887,1.0011409376689602,0.9910580718020404,1.011326384996021,0.8252567408983171,0.9116850901550505
serrana_internacoes_i60_i69_temp_med,Serrana,internacoes_i60_i69,temp_med,95%,22.439429924242425,1.2189437515872994,0.9455825553295248,1.5713317268378824,0.12648865645655855,0.3519684353573803
serrana_internacoes_i60_i69_temp_med,Serrana,internacoes_i60_i69,temp_med,99%,23.89605833333333,1.0564597921306422,0.7184885673074697,1.5534099541365332,0.780074646196141,0.9636216217717036
serrana_internacoes_i60_i69_ur_med,Serrana,internacoes_i60_i69,ur_med,5%,67.35729166666667,1.0499168007633521,0.9710446638859775,1.1351952485005266,0.22150862592836684,0.38839868655932813
serrana_internacoes_i60_i69_ur_med,Serrana,internacoes_i60_i69,ur_med,50%,83.18791666666667,1.5393296443473836,1.1721506776089055,2.02152828917892,0.0019195932711932305,0.06046718804258676
serrana_internacoes_i60_i69_ur_med,Serrana,internacoes_i60_i69,ur_med,95%,94.78285024154587,1.1553452380572082,0.852183366482306,1.5663561055074666,0.35242352634567187,0.547985683555162
serrana_internacoes_i60_i69_ur_med,Serrana,internacoes_i60_i69,ur_med,99%,96.82437499999999,1.3095142366599146,0.8258058259901851,2.0765505425671096,0.2516595634701448,0.48044098480664005
serrana_obitos_i60_i69_temp_med,Serrana,obitos_i60_i69,temp_med,5%,12.093055555555555,1.2034956151747271,0.8655812488567824,1.6733284110044822,0.2706690699675985,0.43629415095063784
serrana_obitos_i60_i69_temp_med,Serrana,obitos_i60_i69,temp_med,50%,17.786388888888887,1.1898761604179626,0.8991094851092956,1.5746750541274606,0.2239639830671086,0.5144080073681672
serrana_obitos_i60_i69_temp_med,Serrana,obitos_i60_i69,temp_med,95%,22.439429924242425,1.0048205099005318,0.897273418193273,1.1252581840101752,0.9336448285545679,0.9715978703657293
serrana_obitos_i60_i69_temp_med,Serrana,obitos_i60_i69,temp_med,99%,23.89605833333333,1.0010796681610883,0.9245477165311401,1.0839467602230137,0.9787839972232111,1
serrana_obitos_i60_i69_ur_med,Serrana,obitos_i60_i69,ur_med,5%,67.35729166666667,1.1523704317716077,0.7920003561185012,1.6767134026676993,0.45856663611059495,0.5643897059822708
serrana_obitos_i60_i69_ur_med,Serrana,obitos_i60_i69,ur_med,50%,83.18791666666667,1.118745272862712,0.8090843561265423,1.5469227356521933,0.4973597433370609,0.7550280441020443
serrana_obitos_i60_i69_ur_med,Serrana,obitos_i60_i69,ur_med,95%,94.78285024154587,1.0934999516890667,0.9370797108929747,1.2760303423969435,0.2564349901962719,0.4690576418072301
serrana_obitos_i60_i69_ur_med,Serrana,obitos_i60_i69,ur_med,99%,96.82437499999999,1,1,1,,
serrana_internacoes_i60_i64_temp_med,Serrana,internacoes_i60_i64,temp_med,5%,12.093055555555555,1.2633746407043833,0.9318694614604882,1.712810161493425,0.13218239931558973,0.28023305708798385
serrana_internacoes_i60_i64_temp_med,Serrana,internacoes_i60_i64,temp_med,50%,17.786388888888887,1.1620424408862489,0.8995969390945099,1.501052944644365,0.2502082387554195,0.5530918961961905
serrana_internacoes_i60_i64_temp_med,Serrana,internacoes_i60_i64,temp_med,95%,22.439429924242425,1.0630157730971699,0.9236420366073824,1.2234204259519967,0.3940851112620784,0.5704733744021303
serrana_internacoes_i60_i64_temp_med,Serrana,internacoes_i60_i64,temp_med,99%,23.89605833333333,1,1,1,,
serrana_internacoes_i60_i64_ur_med,Serrana,internacoes_i60_i64,ur_med,5%,67.35729166666667,1.0322870120634904,0.9392314639956092,1.1345621565334936,0.5097225102832266,0.6097615076285327
serrana_internacoes_i60_i64_ur_med,Serrana,internacoes_i60_i64,ur_med,50%,83.18791666666667,1.0452993708013123,0.90090014143061,1.2128433822449107,0.5591613161061761,0.7554079176553518
serrana_internacoes_i60_i64_ur_med,Serrana,internacoes_i60_i64,ur_med,95%,94.78285024154587,1.2043011316011145,0.9760833151920276,1.4858785034045945,0.08289185636461151,0.27921467407027034
serrana_internacoes_i60_i64_ur_med,Serrana,internacoes_i60_i64,ur_med,99%,96.82437499999999,1.1960882259169219,0.8641803055741409,1.655472862490907,0.2802635177812555,0.5231585665250104
serrana_obitos_i60_i64_temp_med,Serrana,obitos_i60_i64,temp_med,5%,12.093055555555555,1.5901491394173748,0.9745188149180397,2.5946900633236916,0.06336181875170728,0.18011717482745757
serrana_obitos_i60_i64_temp_med,Serrana,obitos_i60_i64,temp_med,50%,17.786388888888887,1.3754533101510977,0.8960344945906115,2.1113827869651245,0.1448638149228963,0.5070233522301371
serrana_obitos_i60_i64_temp_med,Serrana,obitos_i60_i64,temp_med,95%,22.439429924242425,1.1720876310334116,0.9182425515273522,1.4961073330095973,0.20228962164281267,0.4244765831193446
serrana_obitos_i60_i64_temp_med,Serrana,obitos_i60_i64,temp_med,99%,23.89605833333333,1,1,1,,
serrana_obitos_i60_i64_ur_med,Serrana,obitos_i60_i64,ur_med,5%,67.35729166666667,1.4342376587155088,0.890585098679172,2.309759802548391,0.13798291067410864,0.28486794461751463
serrana_obitos_i60_i64_ur_med,Serrana,obitos_i60_i64,ur_med,50%,83.18791666666667,1.3934417927651954,0.922114435867349,2.1056822822628525,0.11524987416887977,0.49059972628457704
serrana_obitos_i60_i64_ur_med,Serrana,obitos_i60_i64,ur_med,95%,94.78285024154587,1.1686365231466662,0.9605749616736945,1.4217644408019228,0.11926551850301174,0.34695423564512506
serrana_obitos_i60_i64_ur_med,Serrana,obitos_i60_i64,ur_med,99%,96.82437499999999,1,1,1,,
serrana_internacoes_i60_i62_temp_med,Serrana,internacoes_i60_i62,temp_med,5%,12.093055555555555,1.9035151334640332,0.9297988105770816,3.896939662761822,0.07826307522879705,0.18213952053247312
serrana_internacoes_i60_i62_temp_med,Serrana,internacoes_i60_i62,temp_med,50%,17.786388888888887,1.0424882172788807,0.5606117644789063,1.938563819072674,0.8954046366194186,0.9605077721521689
serrana_internacoes_i60_i62_temp_med,Serrana,internacoes_i60_i62,temp_med,95%,22.439429924242425,1.1146917450647749,0.8024687459936303,1.5483938691930266,0.5172804300958216,0.6531534077647244
serrana_internacoes_i60_i62_temp_med,Serrana,internacoes_i60_i62,temp_med,99%,23.89605833333333,1,1,1,,
serrana_internacoes_i60_i62_ur_med,Serrana,internacoes_i60_i62,ur_med,5%,67.35729166666667,1.132006687925724,0.496199351572081,2.582508698265434,0.7682600302977738,0.8333668125263987
serrana_internacoes_i60_i62_ur_med,Serrana,internacoes_i60_i62,ur_med,50%,83.18791666666667,1.4143065413144151,0.6874219562102052,2.909803759880325,0.3463358755962567,0.6611866715928538
serrana_internacoes_i60_i62_ur_med,Serrana,internacoes_i60_i62,ur_med,95%,94.78285024154587,1.1458045374014432,0.8191496463983834,1.6027206307200645,0.4266716561224165,0.5764375377553073
serrana_internacoes_i60_i62_ur_med,Serrana,internacoes_i60_i62,ur_med,99%,96.82437499999999,1,1,1,,
serrana_internacoes_i63_temp_med,Serrana,internacoes_i63,temp_med,5%,12.093055555555555,5.064395948861064,1.7501447368367562,14.654848703083388,0.0027680352261619987,0.03732391367915037
serrana_internacoes_i63_temp_med,Serrana,internacoes_i63,temp_med,50%,17.786388888888887,1,1,1,,
serrana_internacoes_i63_temp_med,Serrana,internacoes_i63,temp_med,95%,22.439429924242425,3.0130090734346244,1.0170258766889249,8.926246504321844,0.04654344696407047,0.21277004326432214
serrana_internacoes_i63_temp_med,Serrana,internacoes_i63,temp_med,99%,23.89605833333333,2.379067875879618,0.4732101380168841,11.9607833884582,0.29285142900591216,0.5258634521780605
serrana_internacoes_i63_ur_med,Serrana,internacoes_i63,ur_med,5%,67.35729166666667,5.316006320591388,0.8547154156012144,33.06354686570067,0.07319425011338405,0.18011717482745757
serrana_internacoes_i63_ur_med,Serrana,internacoes_i63,ur_med,50%,83.18791666666667,1.7174584530676797,0.31552040925633096,9.348566531610008,0.5315636836587623,0.7554079176553518
serrana_internacoes_i63_ur_med,Serrana,internacoes_i63,ur_med,95%,94.78285024154587,2.2181807074953688,1.0590937495338453,4.645788584127052,0.034671099167885855,0.1972261676326506
serrana_internacoes_i63_ur_med,Serrana,internacoes_i63,ur_med,99%,96.82437499999999,1,1,1,,
serrana_obitos_i63_ur_med,Serrana,obitos_i63,ur_med,5%,67.35729166666667,6.914506364086532,0.09936129034159677,481.17730853358046,0.371708988171418,0.5115994675907689
serrana_obitos_i63_ur_med,Serrana,obitos_i63,ur_med,50%,83.18791666666667,1.003632002004687,0.8015944235009378,1.2565920694017372,0.9747814128248609,1
serrana_obitos_i63_ur_med,Serrana,obitos_i63,ur_med,95%,94.78285024154587,274.3624573908457,5.718489454724061,13163.398939795012,0.004470589586192451,0.07152943337907922
serrana_obitos_i63_ur_med,Serrana,obitos_i63,ur_med,99%,96.82437499999999,2025.7437623877743,7.337782798710772,559247.6506082967,0.007932002868623663,0.08328603012054846
