modelo_id,macro_regiao,desfecho,exposicao,familia,dispersao,alerta_convergencia,avisos_modelo,df_exp,df_lag,lag_max,percentil,valor,rr_cumulativo,ic95_inf,ic95_sup,theta_hat,se_theta,rr_bayes,cri95_inf_bayes,cri95_sup_bayes,prob_rr_maior_1_10,prob_rr_menor_0_91,mu_grupo_bayes,tau_grupo_bayes,metodo_bayes,auc_excesso_rr_cumulativo,rr_cumulativo_max,exposicao_rr_max,alerta_convergencia_auc,avisos_modelo_auc,residuos_lag21_estatistica,residuos_diagnostico,ic95_dlnm,cri95_bayes,efeito_posterior_relevante,auc_alta,residuos_ok,categoria_bayes,ordem_curadoria
metropolitana_i_internacoes_i60_i69_ur_med,Metropolitana I,internacoes_i60_i69,ur_med,quasipoisson,18.712555358335255,FALSE,Binomial negativa rejeitada por instabilidade numerica; mantido Quasi-Poisson.,4,3,14,P05,56.467249305555555,1.206098700865369,0.6864917985119373,2.1189970213516474,0.18739093646973268,0.28753178199946544,1.1665117649306573,0.9850222537882266,1.381440563894295,0.804412350238945,0.003995852418111988,0.15396999915682982,0.06332990172027107,"Modelo hierarquico normal-normal por desfecho, exposicao e percentil; macrorregiao como nivel.",12.152275117826845,1.5901265997158498,77.49616016174402,FALSE,Binomial negativa rejeitada por instabilidade numerica; mantido Quasi-Poisson.,11.780244469636358,residuos_sem_autocorrelacao_estatisticamente_detectavel_ate_lag21,1.21 (0.69-2.12),1.17 (0.99-1.38),TRUE,TRUE,TRUE,principal_estabilizado,4
metropolitana_i_internacoes_i60_i69_temp_med,Metropolitana I,internacoes_i60_i69,temp_med,quasipoisson,18.725424728764455,FALSE,Binomial negativa rejeitada por instabilidade numerica; mantido Quasi-Poisson.,4,3,14,P05,17.971012650417215,1.1301024053137476,0.8462834471107425,1.5091060221680024,0.12230825278958511,0.1475584177542448,1.2060213267879236,0.9693103846755096,1.5005383865295263,0.8050202427259644,0.008301566383074045,0.2671652622541142,0.1628740247066152,"Modelo hierarquico normal-normal por desfecho, exposicao e percentil; macrorregiao como nivel.",1.5750662323268665,1.402357525039987,29.540993538647346,FALSE,Binomial negativa rejeitada por instabilidade numerica; mantido Quasi-Poisson.,9.88567847138247,residuos_sem_autocorrelacao_estatisticamente_detectavel_ate_lag21,1.13 (0.85-1.51),1.21 (0.97-1.50),TRUE,FALSE,TRUE,principal_estabilizado_com_dependencia_de_sensibilidade,3
norte_internacoes_i60_i69_ur_med,Norte,internacoes_i60_i69,ur_med,quasipoisson,2.186526024163732,FALSE,,4,3,14,P05,64.69610416666666,1.1646193495784645,1.032061289709038,1.314203180505829,0.1523942950677327,0.06165227599692168,1.1557207849931908,1.0535059470985633,1.2678528645650955,0.8681896455432656,1.0510012234590837e-6,0.15396999915682982,0.06332990172027107,"Modelo hierarquico normal-normal por desfecho, exposicao e percentil; macrorregiao como nivel.",17.55065134796758,1.9065378462971885,84.90423523206749,FALSE,,33.29752904207301,residuos_com_autocorrelacao_estatisticamente_detectavel_ate_lag21,1.16 (1.03-1.31),1.16 (1.05-1.27),TRUE,TRUE,FALSE,principal_estabilizado_com_dependencia_de_sensibilidade,3
centro_sul_internacoes_i60_i69_ur_med,Centro-Sul,internacoes_i60_i69,ur_med,quasipoisson,1.4647109610189148,FALSE,,4,3,14,P05,53.851671113306985,1.3835783067317056,0.8976872695837707,2.132467503684406,0.32467311909969776,0.22072173059286995,1.1825044276258725,0.9950184652719873,1.40531735858044,0.8457890848132115,0.0010895536207807825,0.15396999915682982,0.06332990172027107,"Modelo hierarquico normal-normal por desfecho, exposicao e percentil; macrorregiao como nivel.",10.482086769220762,1.4261933964332,51.445151515151515,FALSE,,53.097413375912,residuos_com_autocorrelacao_estatisticamente_detectavel_ate_lag21,1.38 (0.90-2.13),1.18 (1.00-1.41),TRUE,TRUE,FALSE,principal_estabilizado_com_dependencia_de_sensibilidade,3
metropolitana_i_obitos_i60_i69_temp_med,Metropolitana I,obitos_i60_i69,temp_med,quasipoisson,1.045562573328566,FALSE,,4,3,14,P05,17.971012650417215,1.2484357034186773,1.1484711888067245,1.3571012671113527,0.22189133034763361,0.04258224850350285,1.2727528543619357,1.1843282416534233,1.3677794477187644,0.9999238273629552,1.585981065080675e-16,0.2522988100961757,0.03154889521814746,"Modelo hierarquico normal-normal por desfecho, exposicao e percentil; macrorregiao como nivel.",1.347755633568026,1.2927537389698038,29.540993538647346,FALSE,,48.62749185051337,residuos_com_autocorrelacao_estatisticamente_detectavel_ate_lag21,1.25 (1.15-1.36),1.27 (1.18-1.37),TRUE,FALSE,FALSE,principal_estabilizado_com_dependencia_de_sensibilidade,3
norte_obitos_i60_i69_temp_med,Norte,obitos_i60_i69,temp_med,quasipoisson,0.9852453555450292,FALSE,,4,3,14,P05,19.022707638888892,1.351103220288982,1.0478326892780516,1.7421482747718042,0.30092145893810573,0.12969500226780709,1.2904408701009507,1.1625141484969181,1.4324450514258091,0.9974625112947607,3.6799835754024785e-6,0.2522988100961757,0.03154889521814746,"Modelo hierarquico normal-normal por desfecho, exposicao e percentil; macrorregiao como nivel.",2.2048056094756032,1.4047302126290038,20.17209423347398,FALSE,,50.55614303775114,residuos_com_autocorrelacao_estatisticamente_detectavel_ate_lag21,1.35 (1.05-1.74),1.29 (1.16-1.43),TRUE,FALSE,FALSE,principal_estabilizado_com_dependencia_de_sensibilidade,3
baixada_litoranea_obitos_i60_i69_temp_med,Baixada Litoranea,obitos_i60_i69,temp_med,quasipoisson,1.0419370401818926,FALSE,,4,3,14,P05,18.903922735507248,1.4122802531093592,1.04801925242163,1.903147779693852,0.3452055989157988,0.15219853268087633,1.293223401346204,1.1587739393237675,1.4432726772966893,0.9973973346500833,6.730392772148944e-6,0.2522988100961757,0.03154889521814746,"Modelo hierarquico normal-normal por desfecho, exposicao e percentil; macrorregiao como nivel.",1.2840578596263224,1.4616644996164403,18.42945923913043,FALSE,,56.32505163923628,residuos_com_autocorrelacao_estatisticamente_detectavel_ate_lag21,1.41 (1.05-1.90),1.29 (1.16-1.44),TRUE,FALSE,FALSE,principal_estabilizado_com_dependencia_de_sensibilidade,3
medio_paraiba_obitos_i60_i69_temp_med,Medio Paraiba,obitos_i60_i69,temp_med,quasipoisson,0.9853589614171916,FALSE,,4,3,14,P05,15.312019791666666,1.3321540600748112,1.007373473348604,1.7616449973362436,0.2867972261468376,0.14257956072891625,1.2887066371708291,1.1595210024771556,1.4322852222082683,0.9964277696026568,1.1217596053553729e-5,0.2522988100961757,0.03154889521814746,"Modelo hierarquico normal-normal por desfecho, exposicao e percentil; macrorregiao como nivel.",1.799832282719383,1.392623042250552,14.664125,FALSE,,74.63119013398045,residuos_com_autocorrelacao_estatisticamente_detectavel_ate_lag21,1.33 (1.01-1.76),1.29 (1.16-1.43),TRUE,FALSE,FALSE,principal_estabilizado_com_dependencia_de_sensibilidade,3
centro_sul_obitos_i60_i69_temp_med,Centro-Sul,obitos_i60_i69,temp_med,quasipoisson,1.0088431564074682,FALSE,,4,3,14,P05,8.915106250000001,1.794939602572777,1.005489277364112,3.2042193282558737,0.5849713737823816,0.2956672225426835,1.2954841380385111,1.1453398609694403,1.4653110479267286,0.9958870495907068,5.564947499247569e-5,0.2522988100961757,0.03154889521814746,"Modelo hierarquico normal-normal por desfecho, exposicao e percentil; macrorregiao como nivel.",9.061872831949056,1.864373930731188,7.917875,FALSE,,56.53687393258475,residuos_com_autocorrelacao_estatisticamente_detectavel_ate_lag21,1.79 (1.01-3.20),1.30 (1.15-1.47),TRUE,FALSE,FALSE,principal_estabilizado_com_dependencia_de_sensibilidade,3
serrana_obitos_i60_i69_temp_med,Serrana,obitos_i60_i69,temp_med,quasipoisson,1.0222944678789712,FALSE,,4,3,14,P05,10.864852916666663,1.3624452965054326,0.9532901872287166,1.9472110495189816,0.30928109739544424,0.18220590950882934,1.2894721009517103,1.1541275112877691,1.440688557261358,0.995348564432531,3.8767245284148566e-5,0.2522988100961757,0.03154889521814746,"Modelo hierarquico normal-normal por desfecho, exposicao e percentil; macrorregiao como nivel.",1.757424859058941,1.4850081020161316,10.178999999999998,FALSE,,50.57167639451572,residuos_com_autocorrelacao_estatisticamente_detectavel_ate_lag21,1.36 (0.95-1.95),1.29 (1.15-1.44),TRUE,FALSE,FALSE,principal_estabilizado_com_dependencia_de_sensibilidade,3
baia_da_ilha_grande_obitos_i60_i69_temp_med,Baia da Ilha Grande,obitos_i60_i69,temp_med,quasipoisson,0.9855780459731848,FALSE,,4,3,14,P05,17.368794791666666,1.5126637168221653,0.8568938729862658,2.670285775548919,0.4138721475921113,0.28996111949816616,1.2909983125349636,1.1464573151728832,1.4537624915558172,0.9941927965154023,1.2013212230701787e-4,0.2522988100961757,0.03154889521814746,"Modelo hierarquico normal-normal por desfecho, exposicao e percentil; macrorregiao como nivel.",3.67467643950385,1.66364178448081,29.486895833333328,FALSE,,48.82755367979106,residuos_com_autocorrelacao_estatisticamente_detectavel_ate_lag21,1.51 (0.86-2.67),1.29 (1.15-1.45),TRUE,FALSE,FALSE,principal_estabilizado_com_dependencia_de_sensibilidade,3
noroeste_obitos_i60_i69_temp_med,Noroeste,obitos_i60_i69,temp_med,quasipoisson,1.0171122196324631,FALSE,,4,3,14,P05,17.333983333333336,1.3083221086218,0.8842996549188654,1.935663697692659,0.2687454831321085,0.19985305028724656,1.286986814453963,1.1514301896524501,1.438502373364303,0.9937386298718898,8.916781968917216e-5,0.2522988100961757,0.03154889521814746,"Modelo hierarquico normal-normal por desfecho, exposicao e percentil; macrorregiao como nivel.",1.849258170810422,1.3322521501869078,16.655416666666667,FALSE,,43.88813306809885,residuos_com_autocorrelacao_estatisticamente_detectavel_ate_lag21,1.31 (0.88-1.94),1.29 (1.15-1.44),TRUE,FALSE,FALSE,principal_estabilizado_com_dependencia_de_sensibilidade,3
metropolitana_ii_obitos_i60_i69_temp_med,Metropolitana II,obitos_i60_i69,temp_med,quasipoisson,1.0202070700049632,FALSE,,4,3,14,P05,12.924931250000002,1.1082513242536656,0.7965942075172046,1.5418402319771785,0.1027833895474918,0.16846904939093052,1.2756849304985984,1.1446393384938822,1.421733455397848,0.9871652598306991,2.972286776349455e-4,0.2522988100961757,0.03154889521814746,"Modelo hierarquico normal-normal por desfecho, exposicao e percentil; macrorregiao como nivel.",0.6987270002097403,1.1304336832465045,12.044666666666668,FALSE,,48.83486894378541,residuos_com_autocorrelacao_estatisticamente_detectavel_ate_lag21,1.11 (0.80-1.54),1.28 (1.14-1.42),TRUE,FALSE,FALSE,principal_estabilizado_com_dependencia_de_sensibilidade,3
serrana_internacoes_i60_i69_temp_med,Serrana,internacoes_i60_i69,temp_med,negative_binomial,16.57475386704071,FALSE,,4,3,14,P05,10.864852916666663,1.60446071159857,1.1777670969121727,2.185741291136916,0.47278769488503647,0.15774133720951175,1.4290169190624626,1.1025374761692517,1.8521722835780408,0.9846230373823919,3.4681487369415837e-5,0.2671652622541142,0.1628740247066152,"Modelo hierarquico normal-normal por desfecho, exposicao e percentil; macrorregiao como nivel.",4.948766826140089,1.7939835588309396,12.95713839662447,FALSE,,42.53095644482031,residuos_com_autocorrelacao_estatisticamente_detectavel_ate_lag21,1.60 (1.18-2.19),1.43 (1.10-1.85),TRUE,FALSE,FALSE,principal_estabilizado_com_dependencia_de_sensibilidade,3
norte_internacoes_i60_i69_temp_med,Norte,internacoes_i60_i69,temp_med,quasipoisson,1.9259157956556736,FALSE,,4,3,14,P05,19.022707638888892,1.861615161826513,1.2105432932431384,2.8628559012191266,0.6214444774863761,0.2195832267142313,1.4633699223554264,1.0637671303341687,2.0130830034030263,0.9781912876286792,1.8043224392553863e-4,0.2671652622541142,0.1628740247066152,"Modelo hierarquico normal-normal por desfecho, exposicao e percentil; macrorregiao como nivel.",6.884196199362868,1.9065300425824243,18.52104166666667,FALSE,,33.81778462503338,residuos_com_autocorrelacao_estatisticamente_detectavel_ate_lag21,1.86 (1.21-2.86),1.46 (1.06-2.01),TRUE,FALSE,FALSE,principal_estabilizado_com_dependencia_de_sensibilidade,3
noroeste_internacoes_i60_i69_temp_med,Noroeste,internacoes_i60_i69,temp_med,quasipoisson,2.673643577108682,FALSE,,4,3,14,P05,17.333983333333336,2.044792507754181,1.202541128334793,3.4769508512008027,0.7152963211461368,0.2708516077658467,1.4613761052880205,1.0324904783795505,2.0684162864712783,0.9698172832867222,5.238619265828593e-4,0.2671652622541142,0.1628740247066152,"Modelo hierarquico normal-normal por desfecho, exposicao e percentil; macrorregiao como nivel.",6.967496443497797,2.2577073873814375,19.232252109704643,FALSE,,48.71690058549655,residuos_com_autocorrelacao_estatisticamente_detectavel_ate_lag21,2.04 (1.20-3.48),1.46 (1.03-2.07),TRUE,FALSE,FALSE,principal_estabilizado_com_dependencia_de_sensibilidade,3
baia_da_ilha_grande_internacoes_i60_i69_temp_med,Baia da Ilha Grande,internacoes_i60_i69,temp_med,quasipoisson,1.0438292976113783,FALSE,,4,3,14,P05,17.368794791666666,1.5822561554765815,1.043693343308269,2.3987261752651423,0.45885177499693586,0.2122927076363119,1.3884154032002194,1.0398136140499294,1.8538873753878975,0.9587388841215524,7.687650136126552e-4,0.2671652622541142,0.1628740247066152,"Modelo hierarquico normal-normal por desfecho, exposicao e percentil; macrorregiao como nivel.",3.1959236722759923,1.5890143511965094,16.731,FALSE,,63.43781679085977,residuos_com_autocorrelacao_estatisticamente_detectavel_ate_lag21,1.58 (1.04-2.40),1.39 (1.04-1.85),TRUE,FALSE,FALSE,principal_estabilizado_com_dependencia_de_sensibilidade,3
baixada_litoranea_internacoes_i60_i69_temp_med,Baixada Litoranea,internacoes_i60_i69,temp_med,quasipoisson,1.0311421293369818,FALSE,,4,3,14,P05,18.903922735507248,1.3656540708365932,1.0300968558321564,1.8105200793821692,0.31163348664437085,0.14387032428123486,1.3263550821271848,1.0606312621288556,1.6586516602891574,0.9569725044628614,3.112996874731581e-4,0.2671652622541142,0.1628740247066152,"Modelo hierarquico normal-normal por desfecho, exposicao e percentil; macrorregiao como nivel.",1.3048028669953593,1.4534389592819557,18.42945923913043,FALSE,,55.320224617092634,residuos_com_autocorrelacao_estatisticamente_detectavel_ate_lag21,1.37 (1.03-1.81),1.33 (1.06-1.66),TRUE,FALSE,FALSE,principal_estabilizado_com_dependencia_de_sensibilidade,3
metropolitana_ii_internacoes_i60_i69_ur_med,Metropolitana II,internacoes_i60_i69,ur_med,quasipoisson,1.4134515032013777,FALSE,,4,3,14,P05,60.44377083333334,1.430234571903987,1.0952022663678178,1.8677562980703208,0.3578384671158282,0.13617566693408778,1.20642208516065,1.0143657398017778,1.4348416852562351,0.9050144409129979,2.8874994834557596e-5,0.15396999915682982,0.06332990172027107,"Modelo hierarquico normal-normal por desfecho, exposicao e percentil; macrorregiao como nivel.",7.697816723771289,1.4984571796457735,58.49125,FALSE,,64.56443266521546,residuos_com_autocorrelacao_estatisticamente_detectavel_ate_lag21,1.43 (1.10-1.87),1.21 (1.01-1.43),TRUE,FALSE,FALSE,principal_estabilizado_com_dependencia_de_sensibilidade,3
baixada_litoranea_internacoes_i60_i69_ur_med,Baixada Litoranea,internacoes_i60_i69,ur_med,quasipoisson,1.03098270961832,FALSE,,4,3,14,P05,61.26511476449276,1.338304955334619,1.0587794499707963,1.6916272350418182,0.2914038545217122,0.11953641698495661,1.1956717699928467,1.0236210880290901,1.3966408061311826,0.8988950750405125,2.944725789106171e-5,0.15396999915682982,0.06332990172027107,"Modelo hierarquico normal-normal por desfecho, exposicao e percentil; macrorregiao como nivel.",5.001444483244934,1.3683040794195132,59.61916666666667,FALSE,,55.295258277568365,residuos_com_autocorrelacao_estatisticamente_detectavel_ate_lag21,1.34 (1.06-1.69),1.20 (1.02-1.40),TRUE,FALSE,FALSE,principal_estabilizado_com_dependencia_de_sensibilidade,3
serrana_internacoes_i60_i69_ur_med,Serrana,internacoes_i60_i69,ur_med,negative_binomial,16.492591249891266,FALSE,,4,3,14,P05,61.047836805555555,1.3963839515152616,1.0389749531664618,1.8767422006726384,0.33388600342651553,0.15084532195761585,1.19649062880256,1.010665009062105,1.416483020561737,0.8865014471068209,1.1536204943711323e-4,0.15396999915682982,0.06332990172027107,"Modelo hierarquico normal-normal por desfecho, exposicao e percentil; macrorregiao como nivel.",7.5578789283823475,1.592216898061861,59.16486111111111,FALSE,,41.27302977375393,residuos_com_autocorrelacao_estatisticamente_detectavel_ate_lag21,1.40 (1.04-1.88),1.20 (1.01-1.42),TRUE,FALSE,FALSE,principal_estabilizado_com_dependencia_de_sensibilidade,3
baia_da_ilha_grande_internacoes_i60_i69_ur_med,Baia da Ilha Grande,internacoes_i60_i69,ur_med,quasipoisson,1.0449689909260238,FALSE,,4,3,14,P05,64.0613088235294,1.3304333160839918,1.0230357180317398,1.73019649006168,0.28550469073876783,0.1340485291893818,1.1903162738913635,1.0176379106317714,1.3922956457184334,0.8835334473324313,9.904016774640466e-5,0.15396999915682982,0.06332990172027107,"Modelo hierarquico normal-normal por desfecho, exposicao e percentil; macrorregiao como nivel.",5.501902106244629,1.8954958824547197,94.011875,FALSE,,66.52554385505458,residuos_com_autocorrelacao_estatisticamente_detectavel_ate_lag21,1.33 (1.02-1.73),1.19 (1.02-1.39),TRUE,FALSE,FALSE,principal_estabilizado_com_dependencia_de_sensibilidade,3
medio_paraiba_obitos_i60_i69_ur_med,Medio Paraiba,obitos_i60_i69,ur_med,quasipoisson,0.9843950405936606,FALSE,,4,3,14,P05,55.58532569444444,1.455019764325293,1.1273574299370597,1.877915963791029,0.3750194842599215,0.1301774674546933,1.2530362241436548,1.0039526200749975,1.5639182045253264,0.8708672959632389,7.098764428463191e-5,0.1398864163965814,0.11236509857063116,"Modelo hierarquico normal-normal por desfecho, exposicao e percentil; macrorregiao como nivel.",5.971608772056327,1.570803821407411,53.714305555555555,FALSE,,70.19996916754725,residuos_com_autocorrelacao_estatisticamente_detectavel_ate_lag21,1.46 (1.13-1.88),1.25 (1.00-1.56),TRUE,FALSE,FALSE,principal_estabilizado_com_dependencia_de_sensibilidade,3
centro_sul_internacoes_i60_i69_temp_med,Centro-Sul,internacoes_i60_i69,temp_med,quasipoisson,1.46409470561819,FALSE,,4,3,14,P05,8.915106250000001,1.2187475004380466,0.8110691657143655,1.8313425446469025,0.1978236924051883,0.2077719997098072,1.2660204006251807,0.972557160707914,1.648034397929348,0.8644180781865236,0.008400743234277438,0.2671652622541142,0.1628740247066152,"Modelo hierarquico normal-normal por desfecho, exposicao e percentil; macrorregiao como nivel.",3.774588149069565,1.3145171735862156,14.22946518987342,FALSE,,52.733575391295254,residuos_com_autocorrelacao_estatisticamente_detectavel_ate_lag21,1.22 (0.81-1.83),1.27 (0.97-1.65),TRUE,FALSE,FALSE,principal_estabilizado_com_dependencia_de_sensibilidade,3
medio_paraiba_internacoes_i60_i69_temp_med,Medio Paraiba,internacoes_i60_i69,temp_med,negative_binomial,5.853062361993612,FALSE,,4,3,14,P05,15.312019791666666,1.1363771616094325,0.8175889771037377,1.5794648528678237,0.12784527365535467,0.16798309453230809,1.2188985298611315,0.9631452927725124,1.5425643848820034,0.8146628144545097,0.010379951358672495,0.2671652622541142,0.1628740247066152,"Modelo hierarquico normal-normal por desfecho, exposicao e percentil; macrorregiao como nivel.",2.6174860515495486,1.358852831359736,18.1086289556962,FALSE,,77.39086415129587,residuos_com_autocorrelacao_estatisticamente_detectavel_ate_lag21,1.14 (0.82-1.58),1.22 (0.96-1.54),TRUE,FALSE,FALSE,principal_estabilizado_com_dependencia_de_sensibilidade,3
baixada_litoranea_obitos_i60_i69_ur_med,Baixada Litoranea,obitos_i60_i69,ur_med,quasipoisson,1.0402712994403809,FALSE,,4,3,14,P05,61.26511476449276,1.4151287173144491,1.0352003091716586,1.9344944826866024,0.347220493257982,0.1595057625041132,1.2208280453844975,0.9740635241503282,1.530106691652807,0.8076260730867151,7.85798106195213e-4,0.1398864163965814,0.11236509857063116,"Modelo hierarquico normal-normal por desfecho, exposicao e percentil; macrorregiao como nivel.",7.492005512871421,1.6113177718397702,92.53812862318836,FALSE,,55.36730932934554,residuos_com_autocorrelacao_estatisticamente_detectavel_ate_lag21,1.42 (1.04-1.93),1.22 (0.97-1.53),TRUE,FALSE,FALSE,principal_estabilizado_com_dependencia_de_sensibilidade,3
metropolitana_i_obitos_i60_i69_temp_med_2,Metropolitana I,obitos_i60_i69,temp_med,quasipoisson,1.045562573328566,FALSE,,4,3,14,P95,28.932047176108913,1.2189930005344227,1.1237652170388746,1.322290379539761,0.1980251085092471,0.04150089549408517,1.1937095866724403,1.1011298901316091,1.294073106255772,0.9765562714359345,2.895325009223789e-13,0.10514539305094998,0.09588816855712486,"Modelo hierarquico normal-normal por desfecho, exposicao e percentil; macrorregiao como nivel.",,,,,,48.62749185051337,residuos_com_autocorrelacao_estatisticamente_detectavel_ate_lag21,1.22 (1.12-1.32),1.19 (1.10-1.29),TRUE,,FALSE,principal_estabilizado_com_dependencia_de_sensibilidade,3
medio_paraiba_obitos_i60_i69_temp_med_2,Medio Paraiba,obitos_i60_i69,temp_med,quasipoisson,0.9853589614171916,FALSE,,4,3,14,P95,26.97412604166667,1.2442271387329662,1.063276702673303,1.4559720615220568,0.21851456505585745,0.08018473668859005,1.1786531601682795,1.0328716679621743,1.345010532349647,0.848386444857108,1.3276917955196202e-5,0.10514539305094998,0.09588816855712486,"Modelo hierarquico normal-normal por desfecho, exposicao e percentil; macrorregiao como nivel.",,,,,,74.63119013398045,residuos_com_autocorrelacao_estatisticamente_detectavel_ate_lag21,1.24 (1.06-1.46),1.18 (1.03-1.35),TRUE,,FALSE,principal_estabilizado_com_dependencia_de_sensibilidade,3
metropolitana_i_internacoes_i60_i69_ur_med_2,Metropolitana I,internacoes_i60_i69,ur_med,quasipoisson,18.712555358335255,FALSE,Binomial negativa rejeitada por instabilidade numerica; mantido Quasi-Poisson.,4,3,14,P95,90.40948680555552,1.0836921571829616,0.91814961037385,1.2790820562039735,0.08037387484667588,0.08457747363282958,1.116353275648224,1.0043423931294708,1.240856349961785,0.6162505340746695,9.192749879397879e-4,0.1377220150681758,0.06273198791978335,"Modelo hierarquico normal-normal por desfecho, exposicao e percentil; macrorregiao como nivel.",,,,,,11.780244469636358,residuos_sem_autocorrelacao_estatisticamente_detectavel_ate_lag21,1.08 (0.92-1.28),1.12 (1.00-1.24),FALSE,,TRUE,exploratorio_por_magnitude,2
metropolitana_i_internacoes_i60_i69_temp_med_2,Metropolitana I,internacoes_i60_i69,temp_med,quasipoisson,18.725424728764455,FALSE,Binomial negativa rejeitada por instabilidade numerica; mantido Quasi-Poisson.,4,3,14,P95,28.932047176108913,1.3254225752633773,1.0133951652546518,1.7335241604160978,0.2817313333195823,0.13695409313895643,1.1146296204369204,1.0232502627313318,1.2141694324505266,0.6067795042796469,5.6140848396709325e-5,0.100197473604753,0.024462871146738247,"Modelo hierarquico normal-normal por desfecho, exposicao e percentil; macrorregiao como nivel.",,,,,,9.88567847138247,residuos_sem_autocorrelacao_estatisticamente_detectavel_ate_lag21,1.33 (1.01-1.73),1.11 (1.02-1.21),FALSE,,TRUE,exploratorio_por_magnitude,2
baia_da_ilha_grande_obitos_i60_i69_ur_med,Baia da Ilha Grande,obitos_i60_i69,ur_med,quasipoisson,0.98298862661401,FALSE,,4,3,14,P05,64.0613088235294,1.1734073857686564,1.019881182379887,1.3500444137654146,0.1599118118213766,0.07154502852061215,1.1556024341481488,1.0172843684949355,1.3127273230245995,0.7684666509789533,2.97737374383162e-5,0.1398864163965814,0.11236509857063116,"Modelo hierarquico normal-normal por desfecho, exposicao e percentil; macrorregiao como nivel.",13.86095349378702,1.7765575776247988,72.4618340469099,FALSE,,48.994663496411974,residuos_com_autocorrelacao_estatisticamente_detectavel_ate_lag21,1.17 (1.02-1.35),1.16 (1.02-1.31),FALSE,TRUE,FALSE,exploratorio_por_magnitude,2
metropolitana_ii_obitos_i60_i69_ur_med,Metropolitana II,obitos_i60_i69,ur_med,quasipoisson,1.0184562175303786,FALSE,,4,3,14,P05,60.44377083333334,1.2704984472178862,0.9312782474431576,1.7332803690140783,0.2394093015954271,0.15847560514835118,1.1800407300840614,0.9594742084551744,1.4513116792366396,0.7300526996958461,0.002907488042247323,0.1398864163965814,0.11236509857063116,"Modelo hierarquico normal-normal por desfecho, exposicao e percentil; macrorregiao como nivel.",9.588002585179314,1.3753004796421524,80.7351582278481,FALSE,,50.430455860374394,residuos_com_autocorrelacao_estatisticamente_detectavel_ate_lag21,1.27 (0.93-1.73),1.18 (0.96-1.45),FALSE,TRUE,FALSE,exploratorio_por_magnitude,2
norte_obitos_i60_i69_ur_med,Norte,obitos_i60_i69,ur_med,quasipoisson,0.9837195384362896,FALSE,,4,3,14,P05,64.69610416666666,1.2687858602898845,0.8113417047190985,1.9841425011289056,0.23806042767642277,0.22812990815117512,1.1679729802202805,0.9265816350608238,1.472251155112842,0.6736370471429638,0.010172147633506034,0.1398864163965814,0.11236509857063116,"Modelo hierarquico normal-normal por desfecho, exposicao e percentil; macrorregiao como nivel.",14.308631285965031,1.7273404681227222,71.68910864978902,FALSE,,52.93918066789991,residuos_com_autocorrelacao_estatisticamente_detectavel_ate_lag21,1.27 (0.81-1.98),1.17 (0.93-1.47),FALSE,TRUE,FALSE,exploratorio_por_magnitude,2
noroeste_internacoes_i60_i69_ur_med,Noroeste,internacoes_i60_i69,ur_med,quasipoisson,2.703260330366588,FALSE,,4,3,14,P05,57.1031875,1.0618024067054537,0.9384700773015762,1.201342885781959,0.05996784779271765,0.06299715493059825,1.1127937831880048,1.0150399933638126,1.219961786725417,0.6344925637906408,2.660464011367343e-4,0.15396999915682982,0.06332990172027107,"Modelo hierarquico normal-normal por desfecho, exposicao e percentil; macrorregiao como nivel.",18.777583685795523,1.802174663633364,94.79166666666669,FALSE,,44.48676771234464,residuos_com_autocorrelacao_estatisticamente_detectavel_ate_lag21,1.06 (0.94-1.20),1.11 (1.02-1.22),FALSE,TRUE,FALSE,exploratorio_por_magnitude,2
centro_sul_obitos_i60_i69_ur_med,Centro-Sul,obitos_i60_i69,ur_med,quasipoisson,1.0108068226787503,FALSE,,4,3,14,P05,53.851671113306985,1.2109752800728195,0.6684233577164548,2.193910658594185,0.19142605154082667,0.30319923905945995,1.1544352799585722,0.9038753401877396,1.4744520138542707,0.6299286850294569,0.0197440476560658,0.1398864163965814,0.11236509857063116,"Modelo hierarquico normal-normal por desfecho, exposicao e percentil; macrorregiao como nivel.",9.635681724344105,1.2442732713006075,64.23930634078818,FALSE,,54.026134267116376,residuos_com_autocorrelacao_estatisticamente_detectavel_ate_lag21,1.21 (0.67-2.19),1.15 (0.90-1.47),FALSE,TRUE,FALSE,exploratorio_por_magnitude,2
medio_paraiba_internacoes_i60_i69_ur_med,Medio Paraiba,internacoes_i60_i69,ur_med,negative_binomial,5.860530822479498,FALSE,,4,3,14,P05,55.58532569444444,1.071513224472994,1.0058668885621955,1.1414438662571809,0.06907187787399231,0.03225678276870346,1.0982865227790872,1.031799845835432,1.1690574397610132,0.49442803047870604,7.461615000304674e-9,0.15396999915682982,0.06332990172027107,"Modelo hierarquico normal-normal por desfecho, exposicao e percentil; macrorregiao como nivel.",16.78839856323454,1.6471735242567989,91.13470833333332,FALSE,,77.5618958126351,residuos_com_autocorrelacao_estatisticamente_detectavel_ate_lag21,1.07 (1.01-1.14),1.10 (1.03-1.17),FALSE,TRUE,FALSE,exploratorio_por_magnitude,2
serrana_obitos_i60_i69_ur_med,Serrana,obitos_i60_i69,ur_med,quasipoisson,1.0208285935074046,FALSE,,4,3,14,P05,61.047836805555555,1.3275281474779768,0.8907012383834249,1.9785882250987388,0.283318677282409,0.2036082798597036,1.1836867322053741,0.9410469566837054,1.48888880628936,0.7161252066554077,0.005416958681184705,0.1398864163965814,0.11236509857063116,"Modelo hierarquico normal-normal por desfecho, exposicao e percentil; macrorregiao como nivel.",5.876860010002629,1.4013773356486166,59.16486111111111,FALSE,,47.92715785939998,residuos_com_autocorrelacao_estatisticamente_detectavel_ate_lag21,1.33 (0.89-1.98),1.18 (0.94-1.49),FALSE,FALSE,FALSE,exploratorio_por_magnitude,2
medio_paraiba_internacoes_i60_i69_ur_med_2,Medio Paraiba,internacoes_i60_i69,ur_med,negative_binomial,5.860530822479498,FALSE,,4,3,14,P95,89.26368819444444,1.5795152371475196,1.0930396349491365,2.282504956462335,0.45711798803051573,0.1878378989940778,1.1878661609552998,0.9610219025906862,1.4682558353133184,0.7805762248895871,2.0616257602991408e-4,0.1377220150681758,0.06273198791978335,"Modelo hierarquico normal-normal por desfecho, exposicao e percentil; macrorregiao como nivel.",,,,,,77.5618958126351,residuos_com_autocorrelacao_estatisticamente_detectavel_ate_lag21,1.58 (1.09-2.28),1.19 (0.96-1.47),FALSE,,FALSE,exploratorio_por_magnitude,2
baia_da_ilha_grande_internacoes_i60_i69_ur_med_2,Baia da Ilha Grande,internacoes_i60_i69,ur_med,quasipoisson,1.0449689909260238,FALSE,,4,3,14,P95,92.4355294117647,1.555867893667291,1.0481808006505866,2.3094535799951617,0.4420335209097845,0.2015228000624095,1.1820270211955364,0.9607439708809924,1.4542770198757384,0.7684459330520027,3.9418604962664577e-4,0.1377220150681758,0.06273198791978335,"Modelo hierarquico normal-normal por desfecho, exposicao e percentil; macrorregiao como nivel.",,,,,,66.52554385505458,residuos_com_autocorrelacao_estatisticamente_detectavel_ate_lag21,1.56 (1.05-2.31),1.18 (0.96-1.45),FALSE,,FALSE,exploratorio_por_magnitude,2
norte_internacoes_i60_i69_ur_med_2,Norte,internacoes_i60_i69,ur_med,quasipoisson,2.186526024163732,FALSE,,4,3,14,P95,90.79597916666664,1.5562028201606743,1.0124258749039277,2.39204397823776,0.4422487644087116,0.21934048811741275,1.1780815246935041,0.958687056212887,1.4476841737143247,0.7582061657876432,6.547718917179086e-4,0.1377220150681758,0.06273198791978335,"Modelo hierarquico normal-normal por desfecho, exposicao e percentil; macrorregiao como nivel.",,,,,,33.29752904207301,residuos_com_autocorrelacao_estatisticamente_detectavel_ate_lag21,1.56 (1.01-2.39),1.18 (0.96-1.45),FALSE,,FALSE,exploratorio_por_magnitude,2
noroeste_internacoes_i60_i69_ur_med_2,Noroeste,internacoes_i60_i69,ur_med,quasipoisson,2.703260330366588,FALSE,,4,3,14,P95,92.8080625,1.7412518546356204,1.0159862167393072,2.9842511358103985,0.554604311228681,0.274874708216799,1.178891394144406,0.9475221262087887,1.4667572194314102,0.7506105420142428,0.001040329166241174,0.1377220150681758,0.06273198791978335,"Modelo hierarquico normal-normal por desfecho, exposicao e percentil; macrorregiao como nivel.",,,,,,44.48676771234464,residuos_com_autocorrelacao_estatisticamente_detectavel_ate_lag21,1.74 (1.02-2.98),1.18 (0.95-1.47),FALSE,,FALSE,exploratorio_por_magnitude,2
baixada_litoranea_internacoes_i60_i69_ur_med_2,Baixada Litoranea,internacoes_i60_i69,ur_med,quasipoisson,1.03098270961832,FALSE,,4,3,14,P95,90.89218052536228,1.2006627441992894,0.8821470542413418,1.6341844802145329,0.18287369117245272,0.15728360434793892,1.1477662935877528,0.9842848628519495,1.3384006139026834,0.708971303621515,0.0016911406989636299,0.1377220150681758,0.06273198791978335,"Modelo hierarquico normal-normal por desfecho, exposicao e percentil; macrorregiao como nivel.",,,,,,55.295258277568365,residuos_com_autocorrelacao_estatisticamente_detectavel_ate_lag21,1.20 (0.88-1.63),1.15 (0.98-1.34),FALSE,,FALSE,exploratorio_por_magnitude,2
serrana_internacoes_i60_i69_ur_med_2,Serrana,internacoes_i60_i69,ur_med,negative_binomial,16.492591249891266,FALSE,,4,3,14,P95,94.94139930555554,1.1553452380572082,0.852183366482306,1.5663561055074666,0.14439920671867565,0.15528487541225586,1.1407293482718286,0.9839883134045918,1.3224379073226078,0.6888032665037541,0.002553682134631764,0.1377220150681758,0.06273198791978335,"Modelo hierarquico normal-normal por desfecho, exposicao e percentil; macrorregiao como nivel.",,,,,,41.27302977375393,residuos_com_autocorrelacao_estatisticamente_detectavel_ate_lag21,1.16 (0.85-1.57),1.14 (0.98-1.32),FALSE,,FALSE,exploratorio_por_magnitude,2
baia_da_ilha_grande_obitos_i60_i69_temp_med_2,Baia da Ilha Grande,obitos_i60_i69,temp_med,quasipoisson,0.9855780459731848,FALSE,,4,3,14,P95,28.849101041666664,1.5185967640740627,0.9375321902443,2.4597940805160903,0.4177867269334477,0.24607131365890259,1.1587564069773586,0.9404073433351544,1.427802983703992,0.6759764474909794,0.0061238280185732874,0.10514539305094998,0.09588816855712486,"Modelo hierarquico normal-normal por desfecho, exposicao e percentil; macrorregiao como nivel.",,,,,,48.82755367979106,residuos_com_autocorrelacao_estatisticamente_detectavel_ate_lag21,1.52 (0.94-2.46),1.16 (0.94-1.43),FALSE,,FALSE,exploratorio_por_magnitude,2
centro_sul_internacoes_i60_i69_ur_med_2,Centro-Sul,internacoes_i60_i69,ur_med,quasipoisson,1.4647109610189148,FALSE,,4,3,14,P95,97.1690238801054,1.1041512549385712,0.9680191288031836,1.2594275851653112,0.09907694475533738,0.06713407824517298,1.1191378908320455,1.0193741338659208,1.2286652928361803,0.6429665847478857,9.569312992963383e-5,0.1377220150681758,0.06273198791978335,"Modelo hierarquico normal-normal por desfecho, exposicao e percentil; macrorregiao como nivel.",,,,,,53.097413375912,residuos_com_autocorrelacao_estatisticamente_detectavel_ate_lag21,1.10 (0.97-1.26),1.12 (1.02-1.23),FALSE,,FALSE,exploratorio_por_magnitude,2
centro_sul_obitos_i60_i69_temp_med_2,Centro-Sul,obitos_i60_i69,temp_med,quasipoisson,1.0088431564074682,FALSE,,4,3,14,P95,26.86526875,1.1600537537002835,0.8876065523431689,1.516127509335725,0.14846634344143272,0.13658059607921963,1.1241303610452054,0.954375960893622,1.32407889595249,0.592092222702715,0.005500668691298567,0.10514539305094998,0.09588816855712486,"Modelo hierarquico normal-normal por desfecho, exposicao e percentil; macrorregiao como nivel.",,,,,,56.53687393258475,residuos_com_autocorrelacao_estatisticamente_detectavel_ate_lag21,1.16 (0.89-1.52),1.12 (0.95-1.32),FALSE,,FALSE,exploratorio_por_magnitude,2
baixada_litoranea_internacoes_i60_i69_temp_med_2,Baixada Litoranea,internacoes_i60_i69,temp_med,quasipoisson,1.0311421293369818,FALSE,,4,3,14,P95,27.444265670289848,1.1788615731337395,0.9682466397126912,1.435289885461133,0.16454920425813993,0.10041900610357972,1.1104336547080216,1.0283423246996162,1.19907823678112,0.5869307148308023,4.9223891078546785e-5,0.100197473604753,0.024462871146738247,"Modelo hierarquico normal-normal por desfecho, exposicao e percentil; macrorregiao como nivel.",,,,,,55.320224617092634,residuos_com_autocorrelacao_estatisticamente_detectavel_ate_lag21,1.18 (0.97-1.44),1.11 (1.03-1.20),FALSE,,FALSE,exploratorio_por_magnitude,2
norte_internacoes_i60_i69_temp_med_2,Norte,internacoes_i60_i69,temp_med,quasipoisson,1.9259157956556736,FALSE,,4,3,14,P95,28.052695138888883,1.1303963853965566,0.9957932911128864,1.283194011770808,0.12256835475086422,0.06468687064198775,1.1082311483138583,1.0357503926449732,1.1857840333100778,0.5803383701029972,3.6059294770068836e-6,0.100197473604753,0.024462871146738247,"Modelo hierarquico normal-normal por desfecho, exposicao e percentil; macrorregiao como nivel.",,,,,,33.81778462503338,residuos_com_autocorrelacao_estatisticamente_detectavel_ate_lag21,1.13 (1.00-1.28),1.11 (1.04-1.19),FALSE,,FALSE,exploratorio_por_magnitude,2
centro_sul_internacoes_i60_i69_temp_med_2,Centro-Sul,internacoes_i60_i69,temp_med,quasipoisson,1.46409470561819,FALSE,,4,3,14,P95,26.86526875,1.1447505933553013,0.9449340186585132,1.3868205558391429,0.13518679088234228,0.09787269962451468,1.1080408428579676,1.0279154592258748,1.1944119513155487,0.5708868435699133,8.089882364736874e-5,0.100197473604753,0.024462871146738247,"Modelo hierarquico normal-normal por desfecho, exposicao e percentil; macrorregiao como nivel.",,,,,,52.733575391295254,residuos_com_autocorrelacao_estatisticamente_detectavel_ate_lag21,1.14 (0.94-1.39),1.11 (1.03-1.19),FALSE,,FALSE,exploratorio_por_magnitude,2
norte_obitos_i60_i69_temp_med_2,Norte,obitos_i60_i69,temp_med,quasipoisson,0.9852453555450292,FALSE,,4,3,14,P95,28.052695138888883,1.1357011410122264,0.8614174259408658,1.4973194677222792,0.1272502055924498,0.14103640911256038,1.1163330513388785,0.9466548267949071,1.3164243674020375,0.5596496418537908,0.007853457801688434,0.10514539305094998,0.09588816855712486,"Modelo hierarquico normal-normal por desfecho, exposicao e percentil; macrorregiao como nivel.",,,,,,50.55614303775114,residuos_com_autocorrelacao_estatisticamente_detectavel_ate_lag21,1.14 (0.86-1.50),1.12 (0.95-1.32),FALSE,,FALSE,exploratorio_por_magnitude,2
serrana_internacoes_i60_i69_temp_med_2,Serrana,internacoes_i60_i69,temp_med,negative_binomial,16.57475386704071,FALSE,,4,3,14,P95,23.21020541666666,1.1469732132932091,0.8450934781789345,1.556688799500597,0.1371264841632927,0.15583680070254238,1.1067112483401422,1.0208440621176347,1.1998010593918287,0.557709426431149,4.905593868549916e-4,0.100197473604753,0.024462871146738247,"Modelo hierarquico normal-normal por desfecho, exposicao e percentil; macrorregiao como nivel.",,,,,,42.53095644482031,residuos_com_autocorrelacao_estatisticamente_detectavel_ate_lag21,1.15 (0.85-1.56),1.11 (1.02-1.20),FALSE,,FALSE,exploratorio_por_magnitude,2
baia_da_ilha_grande_internacoes_i60_i69_temp_med_2,Baia da Ilha Grande,internacoes_i60_i69,temp_med,quasipoisson,1.0438292976113783,FALSE,,4,3,14,P95,28.849101041666664,1.1006181853566694,0.8503605991439067,1.42452553793924,0.09587200863682648,0.13161812964135278,1.1048478904462486,1.0216133498470894,1.194863850600849,0.5465270866939593,4.958347927073667e-4,0.100197473604753,0.024462871146738247,"Modelo hierarquico normal-normal por desfecho, exposicao e percentil; macrorregiao como nivel.",,,,,,63.43781679085977,residuos_com_autocorrelacao_estatisticamente_detectavel_ate_lag21,1.10 (0.85-1.42),1.10 (1.02-1.19),FALSE,,FALSE,exploratorio_por_magnitude,2
metropolitana_ii_internacoes_i60_i69_temp_med_2,Metropolitana II,internacoes_i60_i69,temp_med,quasipoisson,1.4072525945126897,FALSE,,4,3,14,P95,28.769693749999988,1.0639970603488835,0.7916057751558775,1.4301180966095692,0.062032628085639335,0.1508825673076203,1.1034409437004302,1.0187638236808836,1.1951562157314002,0.5370326052284682,8.936320822192114e-4,0.100197473604753,0.024462871146738247,"Modelo hierarquico normal-normal por desfecho, exposicao e percentil; macrorregiao como nivel.",,,,,,60.875413382537346,residuos_com_autocorrelacao_estatisticamente_detectavel_ate_lag21,1.06 (0.79-1.43),1.10 (1.02-1.20),FALSE,,FALSE,exploratorio_por_magnitude,2
noroeste_obitos_i60_i69_temp_med_2,Noroeste,obitos_i60_i69,temp_med,quasipoisson,1.0171122196324631,FALSE,,4,3,14,P95,29.548183333333327,1.1263342408167143,0.7674140625804698,1.6531216769345267,0.11896832476071267,0.19576742437943606,1.1123514697555759,0.9249484519449386,1.3377240533411332,0.5365686505142515,0.01651542337650011,0.10514539305094998,0.09588816855712486,"Modelo hierarquico normal-normal por desfecho, exposicao e percentil; macrorregiao como nivel.",,,,,,43.88813306809885,residuos_com_autocorrelacao_estatisticamente_detectavel_ate_lag21,1.13 (0.77-1.65),1.11 (0.92-1.34),FALSE,,FALSE,exploratorio_por_magnitude,2
medio_paraiba_internacoes_i60_i69_temp_med_2,Medio Paraiba,internacoes_i60_i69,temp_med,negative_binomial,5.853062361993612,FALSE,,4,3,14,P95,26.97412604166667,1.096286667986778,1.0171838243327505,1.1815410643144413,0.09192871270749035,0.03821032478611738,1.1022310445443415,1.0424473133205334,1.1654433370713162,0.5305127262838009,4.4368347440469504e-9,0.100197473604753,0.024462871146738247,"Modelo hierarquico normal-normal por desfecho, exposicao e percentil; macrorregiao como nivel.",,,,,,77.39086415129587,residuos_com_autocorrelacao_estatisticamente_detectavel_ate_lag21,1.10 (1.02-1.18),1.10 (1.04-1.17),FALSE,,FALSE,exploratorio_por_magnitude,2
baixada_litoranea_obitos_i60_i69_ur_med_2,Baixada Litoranea,obitos_i60_i69,ur_med,quasipoisson,1.0402712994403809,FALSE,,4,3,14,P95,90.89218052536228,1.3814870101671592,0.969072611764136,1.9694152286341893,0.3231604626351084,0.1809095476190829,1.105609435035424,1.0092890309412426,1.2111220724348801,0.5157721507245058,2.2331430866745494e-4,0.09387308928030837,0.024321070279392468,"Modelo hierarquico normal-normal por desfecho, exposicao e percentil; macrorregiao como nivel.",,,,,,55.36730932934554,residuos_com_autocorrelacao_estatisticamente_detectavel_ate_lag21,1.38 (0.97-1.97),1.11 (1.01-1.21),FALSE,,FALSE,exploratorio_por_magnitude,2
norte_obitos_i60_i69_ur_med_2,Norte,obitos_i60_i69,ur_med,quasipoisson,0.9837195384362896,FALSE,,4,3,14,P95,90.79597916666664,1.1370347997740995,0.99843874112506,1.2948697628064003,0.12842382096150182,0.06632075941008107,1.1027036133407144,1.0255309247816822,1.1856836585727764,0.512341658373572,4.5474364444150905e-6,0.09387308928030837,0.024321070279392468,"Modelo hierarquico normal-normal por desfecho, exposicao e percentil; macrorregiao como nivel.",,,,,,52.93918066789991,residuos_com_autocorrelacao_estatisticamente_detectavel_ate_lag21,1.14 (1.00-1.29),1.10 (1.03-1.19),FALSE,,FALSE,exploratorio_por_magnitude,2
medio_paraiba_obitos_i60_i69_ur_med_2,Medio Paraiba,obitos_i60_i69,ur_med,quasipoisson,0.9843950405936606,FALSE,,4,3,14,P95,89.26368819444444,1.22151037704841,0.9136200593460084,1.6331598523625035,0.20008810701187746,0.148180575381584,1.1028956394199174,1.0120094935290112,1.2019440521351186,0.50211155513451,2.779099592572354e-4,0.09387308928030837,0.024321070279392468,"Modelo hierarquico normal-normal por desfecho, exposicao e percentil; macrorregiao como nivel.",,,,,,70.19996916754725,residuos_com_autocorrelacao_estatisticamente_detectavel_ate_lag21,1.22 (0.91-1.63),1.10 (1.01-1.20),FALSE,,FALSE,exploratorio_por_magnitude,2
noroeste_obitos_i60_i69_ur_med,Noroeste,obitos_i60_i69,ur_med,quasipoisson,1.020072201095702,FALSE,,4,3,14,P05,57.1031875,1.006316379695103,0.8849958860467407,1.144268207354327,0.006296514973742931,0.06554650927611763,1.0449695828035452,0.9342734468319691,1.1687814019411031,0.18027746872228195,0.010605789523982266,0.1398864163965814,0.11236509857063116,"Modelo hierarquico normal-normal por desfecho, exposicao e percentil; macrorregiao como nivel.",1.1413873405055903,1.0619878638719642,84.24592299578059,FALSE,,42.12670986768283,residuos_com_autocorrelacao_estatisticamente_detectavel_ate_lag21,1.01 (0.88-1.14),1.04 (0.93-1.17),FALSE,FALSE,FALSE,nao_prioritario,1
metropolitana_ii_internacoes_i60_i69_temp_med,Metropolitana II,internacoes_i60_i69,temp_med,quasipoisson,1.4072525945126897,FALSE,,4,3,14,P05,12.924931250000002,1.0572567600449594,1.0004580989861551,1.1172800318109408,0.05567759133910376,0.028173781602019523,1.0673045538229304,1.0089952498621977,1.1289835217427846,0.14625671482976882,8.424463932517832e-9,0.2671652622541142,0.1628740247066152,"Modelo hierarquico normal-normal por desfecho, exposicao e percentil; macrorregiao como nivel.",2.933943555073659,1.267317836883945,18.284516877637127,FALSE,,60.875413382537346,residuos_com_autocorrelacao_estatisticamente_detectavel_ate_lag21,1.06 (1.00-1.12),1.07 (1.01-1.13),FALSE,FALSE,FALSE,nao_prioritario,1
metropolitana_i_obitos_i60_i69_ur_med,Metropolitana I,obitos_i60_i69,ur_med,quasipoisson,1.0507396245994207,FALSE,,4,3,14,P05,56.467249305555555,1.0101638229955356,0.977051868055714,1.044397930807465,0.010112518685689343,0.01700442364858528,1.0149997120767449,0.9813045759325608,1.0498518408892819,1.386674064146854e-6,6.280244057587485e-11,0.1398864163965814,0.11236509857063116,"Modelo hierarquico normal-normal por desfecho, exposicao e percentil; macrorregiao como nivel.",1.4153604077079738,1.1423463708101702,92.29516666666665,FALSE,,44.393768473684055,residuos_com_autocorrelacao_estatisticamente_detectavel_ate_lag21,1.01 (0.98-1.04),1.01 (0.98-1.05),FALSE,FALSE,FALSE,nao_prioritario,1
baixada_litoranea_obitos_i60_i69_temp_med_2,Baixada Litoranea,obitos_i60_i69,temp_med,quasipoisson,1.0419370401818926,FALSE,,4,3,14,P95,27.444265670289848,1.0656558876678297,0.7536709758916573,1.50678811742428,0.06359046656441078,0.17673275989002607,1.0987664818440235,0.9198122595132469,1.3125371717297774,0.48726969855666463,0.020740085716991673,0.10514539305094998,0.09588816855712486,"Modelo hierarquico normal-normal por desfecho, exposicao e percentil; macrorregiao como nivel.",,,,,,56.32505163923628,residuos_com_autocorrelacao_estatisticamente_detectavel_ate_lag21,1.07 (0.75-1.51),1.10 (0.92-1.31),FALSE,,FALSE,nao_prioritario,1
baia_da_ilha_grande_obitos_i60_i69_ur_med_2,Baia da Ilha Grande,obitos_i60_i69,ur_med,quasipoisson,0.98298862661401,FALSE,,4,3,14,P95,92.4355294117647,1.243902368982335,0.5459736547902669,2.8340068975567134,0.21825350971169744,0.42012918191768456,1.0992189634924754,1.003751042077268,1.2037669492237095,0.47780862250194467,0.0015646413553601923,0.09387308928030837,0.024321070279392468,"Modelo hierarquico normal-normal por desfecho, exposicao e percentil; macrorregiao como nivel.",,,,,,48.994663496411974,residuos_com_autocorrelacao_estatisticamente_detectavel_ate_lag21,1.24 (0.55-2.83),1.10 (1.00-1.20),FALSE,,FALSE,nao_prioritario,1
metropolitana_i_obitos_i60_i69_ur_med_2,Metropolitana I,obitos_i60_i69,ur_med,quasipoisson,1.0507396245994207,FALSE,,4,3,14,P95,90.40948680555552,1.102539704526566,0.947090710354162,1.283503033836072,0.09761634086642865,0.07754058002072498,1.098152437227157,1.0199481892254554,1.1823529745209216,0.47443033016573505,6.263160567887636e-5,0.09387308928030837,0.024321070279392468,"Modelo hierarquico normal-normal por desfecho, exposicao e percentil; macrorregiao como nivel.",,,,,,44.393768473684055,residuos_com_autocorrelacao_estatisticamente_detectavel_ate_lag21,1.10 (0.95-1.28),1.10 (1.02-1.18),FALSE,,FALSE,nao_prioritario,1
noroeste_obitos_i60_i69_ur_med_2,Noroeste,obitos_i60_i69,ur_med,quasipoisson,1.020072201095702,FALSE,,4,3,14,P95,92.8080625,1.0251696442437463,0.5738580144925913,1.831416087145051,0.024858105474933362,0.2960418583322781,1.097377987512307,1.0040385491761743,1.199394633268467,0.4679783485860092,0.001885475114034593,0.09387308928030837,0.024321070279392468,"Modelo hierarquico normal-normal por desfecho, exposicao e percentil; macrorregiao como nivel.",,,,,,42.12670986768283,residuos_com_autocorrelacao_estatisticamente_detectavel_ate_lag21,1.03 (0.57-1.83),1.10 (1.00-1.20),FALSE,,FALSE,nao_prioritario,1
serrana_obitos_i60_i69_ur_med_2,Serrana,obitos_i60_i69,ur_med,quasipoisson,1.0208285935074046,FALSE,,4,3,14,P95,94.94139930555554,1.0934999516890669,0.9370797108929748,1.2760303423969437,0.08938351695459021,0.07876187940742213,1.097186592422376,1.0189168551172794,1.1814687455070738,0.46690091929992594,8.956794695272968e-5,0.09387308928030837,0.024321070279392468,"Modelo hierarquico normal-normal por desfecho, exposicao e percentil; macrorregiao como nivel.",,,,,,47.92715785939998,residuos_com_autocorrelacao_estatisticamente_detectavel_ate_lag21,1.09 (0.94-1.28),1.10 (1.02-1.18),FALSE,,FALSE,nao_prioritario,1
centro_sul_obitos_i60_i69_ur_med_2,Centro-Sul,obitos_i60_i69,ur_med,quasipoisson,1.0108068226787503,FALSE,,4,3,14,P95,97.1690238801054,1.0651884859215928,0.8882919645882845,1.277312590647856,0.06315176558790925,0.09265811417905495,1.0949466481014005,1.0140359982963023,1.182313215904363,0.4506872285214544,3.6560121500162654e-4,0.09387308928030837,0.024321070279392468,"Modelo hierarquico normal-normal por desfecho, exposicao e percentil; macrorregiao como nivel.",,,,,,54.026134267116376,residuos_com_autocorrelacao_estatisticamente_detectavel_ate_lag21,1.07 (0.89-1.28),1.09 (1.01-1.18),FALSE,,FALSE,nao_prioritario,1
noroeste_internacoes_i60_i69_temp_med_2,Noroeste,internacoes_i60_i69,temp_med,quasipoisson,2.673643577108682,FALSE,,4,3,14,P95,29.548183333333327,1.004859495110797,0.8842064193760967,1.1419761073741226,0.004847725877385372,0.06526266013435998,1.0902411006473511,1.0132086203490187,1.1731302257686116,0.42971197232731756,5.156056415039303e-4,0.100197473604753,0.024462871146738247,"Modelo hierarquico normal-normal por desfecho, exposicao e percentil; macrorregiao como nivel.",,,,,,48.71690058549655,residuos_com_autocorrelacao_estatisticamente_detectavel_ate_lag21,1.00 (0.88-1.14),1.09 (1.01-1.17),FALSE,,FALSE,nao_prioritario,1
metropolitana_ii_obitos_i60_i69_ur_med_2,Metropolitana II,obitos_i60_i69,ur_med,quasipoisson,1.0184562175303786,FALSE,,4,3,14,P95,95.58914583333332,1.0526288312331264,0.9606993167047716,1.1533550998493327,0.051290684055613746,0.04662559597542871,1.0879225861010307,1.0191268150567323,1.1613623897069842,0.376358512844298,8.215780289938782e-6,0.09387308928030837,0.024321070279392468,"Modelo hierarquico normal-normal por desfecho, exposicao e percentil; macrorregiao como nivel.",,,,,,50.430455860374394,residuos_com_autocorrelacao_estatisticamente_detectavel_ate_lag21,1.05 (0.96-1.15),1.09 (1.02-1.16),FALSE,,FALSE,nao_prioritario,1
metropolitana_ii_internacoes_i60_i69_ur_med_2,Metropolitana II,internacoes_i60_i69,ur_med,quasipoisson,1.4134515032013777,FALSE,,4,3,14,P95,95.58914583333332,1.046724662631539,0.9655506870648168,1.1347229451948595,0.04566591987448754,0.0411857568548043,1.0844257712085754,1.004829174816893,1.1703275369921544,0.37139933299815225,1.9122066594554724e-5,0.1377220150681758,0.06273198791978335,"Modelo hierarquico normal-normal por desfecho, exposicao e percentil; macrorregiao como nivel.",,,,,,64.56443266521546,residuos_com_autocorrelacao_estatisticamente_detectavel_ate_lag21,1.05 (0.97-1.13),1.08 (1.00-1.17),FALSE,,FALSE,nao_prioritario,1
metropolitana_ii_obitos_i60_i69_temp_med_2,Metropolitana II,obitos_i60_i69,temp_med,quasipoisson,1.0202070700049632,FALSE,,4,3,14,P95,28.769693749999988,1.012313108590261,0.9385045977100096,1.0919262754004386,0.012237918852429815,0.03862593569001598,1.0286291432218901,0.9578566984480072,1.1046306989341708,0.030777533414535017,4.761446459883853e-4,0.10514539305094998,0.09588816855712486,"Modelo hierarquico normal-normal por desfecho, exposicao e percentil; macrorregiao como nivel.",,,,,,48.83486894378541,residuos_com_autocorrelacao_estatisticamente_detectavel_ate_lag21,1.01 (0.94-1.09),1.03 (0.96-1.10),FALSE,,FALSE,nao_prioritario,1
serrana_obitos_i60_i69_temp_med_2,Serrana,obitos_i60_i69,temp_med,quasipoisson,1.0222944678789712,FALSE,,4,3,14,P95,23.21020541666666,1.0002622795254743,0.97588132246377,1.0252523588785492,2.6224513621250035e-4,0.012590303255354096,1.0028233583556108,0.9783677886704187,1.0278902266705747,9.589907639574972e-14,3.408512558675127e-15,0.10514539305094998,0.09588816855712486,"Modelo hierarquico normal-normal por desfecho, exposicao e percentil; macrorregiao como nivel.",,,,,,50.57167639451572,residuos_com_autocorrelacao_estatisticamente_detectavel_ate_lag21,1.00 (0.98-1.03),1.00 (0.98-1.03),FALSE,,FALSE,nao_prioritario,1
